ff8083f4e6f7e2dd36cbe9a3a68d74f9,f,t,t.1,t.2,f.1,t.3,f.2,f.3,60.0,2.0,3.0
ff372e14109b7fe7e8f567a18ec6c6a7,f,f,t,t,t,t,t,f,87.0,0.0,8.0
fedfe308bb6c9005562e04c48c85541e,f,t,t,t,f,t,f,f,56.0,4.0,16.0
fea4c8eeb8ebf225db1338db9a420351,f,f,t,f,f,t,t,f,33.0,0.0,3.0
fe8fc7c394b34435758e8a2fba87fa30,f,f,t,t,f,f,t,f,,0.0,1.0
fe7fd35e2c3454616fa9a3e95b1da0f3,f,f,t,t,f,f,t,f,0.0,0.0,2.0
fe098c9ea6cb26635fcc26ed91fb2e50,f,f,f,f,f,f,f,f,,0.0,2.0
fddd75892996686575b42465dac2b680,t,t,t,t,t,t,t,f,66.0,2.0,4.0
fcc6ca095dd0cd38742428c4252d1a0a,f,f,f,f,f,f,f,f,,0.0,1.0
fbca23d76285addef19146e157c6c203,f,t,t,t,f,t,f,f,25.0,1.0,4.0
fbc42d33d72afa91fb0fd64142324f4f,f,f,t,t,t,t,t,f,100.0,0.0,3.0
fb7b5429e9dbbb864ed60aab05d3b3e0,f,t,f,t,t,t,t,f,66.0,4.0,5.0
fb6bbc8b25a760ecaab39923785e6ec6,f,t,t,t,t,f,f,f,100.0,9.0,2.0
fb02e74d3eb62a21a4edb936bd119e38,f,f,t,t,f,f,t,f,,0.0,1.0
fae7a5193f45887c7b9269a8d2a5e711,f,,f,,f,,,,,,
fab60fc03007e8272052228fb3dc141e,f,,f,,f,,,,,,
fa27dc44a68d366a428f477edd8f2294,f,f,t,t,t,t,t,f,75.0,0.0,8.0
f9f9f7ae1bba8bf624863e2ebd527a9f,f,f,f,f,f,f,f,f,,0.0,1.0
f98a841b7d2e595b7dfb7ee6f57e7eac,t,t,t,t,t,t,t,f,66.0,2.0,28.0
f944657e40ff646b5d458ebaaa5e1da2,f,f,t,t,t,t,t,f,66.0,0.0,3.0
f927c4ea2dc6de961681ee90abb95731,f,f,t,t,f,t,f,f,25.0,0.0,4.0
f8cf6349278b1fe983049c1babe80d04,t,t,t,t,t,t,t,t,83.0,2.0,4.0
f8bbc110f1e57a973ed32700d204997e,f,f,f,f,f,f,f,f,0.0,0.0,1.0
f866e58228f4b22b1003bd66bf41a93e,f,f,t,t,f,t,t,f,50.0,0.0,5.0
f85ae22dfde417dcd5798f42201c14cd,f,f,t,t,t,t,t,f,81.0,0.0,12.0
f8259dc54f55951d4fe6bd032534051d,f,f,t,t,f,t,t,f,50.0,0.0,7.0
f7c0b81ecb79d401471adfcb2d2f3b64,f,,f,,f,,,,,,
f7bd609e90f9ce6682ae3003c444c13c,f,f,f,f,f,f,f,f,,0.0,1.0
f7ab06474aa05d2509e3722b1541be4c,f,f,t,t,f,t,t,f,,0.0,3.0
f7a5dffae947e76f8ff1e8f7b706fa1c,t,t,t,t,t,f,t,f,100.0,1.0,2.0
f7743636b291ffdc70b052adbab74ad0,f,f,t,f,f,f,t,f,0.0,0.0,2.0
f746d3a8d9b8237cc8f77f563de0cdbd,f,f,f,f,t,f,f,f,100.0,0.0,1.0
f7282cb4c6ef1b9eb1e37ee39cdac854,f,f,t,f,f,f,t,f,0.0,0.0,1.0
f6d53f2ec3f2332f0c492d6f9538289a,t,t,t,t,t,t,t,f,92.0,1.0,14.0
f65df9764e6ab2fa721a11c4cfbad866,f,f,t,f,f,t,t,f,,0.0,4.0
f64fcbb99101a810e8725c58f6b0bf68,f,f,t,t,f,t,t,f,,0.0,6.0
f5685d389ae4bfe42a52f406653bb631,f,t,t,t,f,f,f,f,50.0,2.0,2.0
f52f33fa289c7571b1decc5c8081bffa,t,t,t,t,t,t,f,f,80.0,1.0,4.0
f4d3b76313ad02cb112393dab002f5a3,t,t,t,t,t,t,t,f,100.0,1.0,7.0
f46e6ebc4d1e3f51d91c549ae4ea4e19,f,,f,,f,,,,,,
f4682ae256151d5e99c23ceca314c8be,f,f,t,f,f,f,t,f,,0.0,1.0
f436fcfdfac62122eafba0b1e465bfec,f,f,t,f,f,f,t,f,0.0,0.0,2.0
f42a4f42bb0218441d44687b929de8b8,t,t,t,t,t,t,t,f,83.0,2.0,8.0
f3ef9de237476cc9e3eb3aa7e13dc958,f,t,t,f,f,t,t,f,0.0,2.0,5.0
f3da1c0b14c7aacdd7b12ffc5f94c511,t,t,t,t,t,f,t,f,100.0,1.0,2.0
f3d69f1e8d883c251fc040b3615186d0,f,f,t,t,f,t,t,f,25.0,0.0,4.0
f3c7a12d0a19d9e0df3ec76639291714,f,f,f,f,f,f,f,f,,0.0,2.0
f35bbba5c48cd4151acc48ba9a7c1100,f,,f,,f,,,,,,
f31c5b08b7317ef42bfd2312288b5b27,f,f,f,f,f,f,f,f,,0.0,1.0
f2d20831f5086a7915d86e814ebb6a71,f,f,f,f,t,f,f,f,100.0,0.0,1.0
f20a47f32089f673579b449b4e06362a,f,f,t,f,f,t,t,f,33.0,0.0,3.0
f20a0474f10959584e509ef259bc3423,f,f,t,t,f,t,t,f,50.0,0.0,3.0
f1d9718ae72c26f63372b73a45707e56,f,f,t,f,f,f,t,f,0.0,0.0,1.0
f1ad5ad0c69942ffcb982e2950c07c3c,f,f,t,f,f,f,t,f,0.0,0.0,1.0
f189033183154d43b71f9ae90fd6608d,f,f,t,t,t,t,t,f,66.0,0.0,5.0
f11c01cf0fc8d14bd17d127016c5ec95,f,,f,,f,,,,,,
f1034a42b72aa321230cb2d08224429b,f,f,t,t,t,f,t,f,100.0,0.0,1.0
f0f405992a6fddac586df12838427851,f,f,t,t,f,t,t,f,33.0,0.0,5.0
f0d8c5f4344a8936cae8980c31afe1b0,f,f,t,t,f,t,t,f,40.0,0.0,5.0
f0cfb2c22261554b38074630af5c8c21,f,f,t,t,t,t,t,f,66.0,0.0,3.0
f0c131f7cfd9e228ab47f387fa7481f2,f,f,t,f,f,f,t,f,0.0,0.0,1.0
f0bbfc627dec93d978c4ab6d23f6f726,f,f,t,f,f,f,t,f,0.0,0.0,1.0
f0a80353d8e46319118c4ddf02dd916a,f,f,t,t,f,t,t,f,33.0,0.0,4.0
f092895828e59694daec13ee05218585,f,f,t,t,f,t,t,f,33.0,0.0,5.0
f05957aacf6497213774334f745f094e,f,,f,,f,,,,,,
f0129175cca589086a703d04e42bccc4,f,,f,,f,,,,,,
efef80c65e6fb05eda22e702741f9132,f,f,t,f,f,f,t,f,0.0,0.0,2.0
efc079c4803d4932c98a9df63a4d70be,f,f,f,f,t,t,f,f,100.0,0.0,3.0
ef7abe4a304b8ee621e27a5caef5b701,f,f,t,f,f,f,t,f,0.0,0.0,2.0
ef79742d0a0d14fca9db4e5c469ded16,f,f,t,t,t,t,f,f,100.0,0.0,3.0
ef5f2e30df06db4643d91cbc3d95018a,f,f,t,f,f,f,t,t,,0.0,1.0
ef359394473136801037db0ee0683554,f,t,t,t,f,f,t,f,0.0,3.0,1.0
eeb8dfadc09f68f20d5c093d27e61278,f,f,t,t,f,f,t,f,50.0,0.0,2.0
ee96deba2671ad374060f95c967760d5,f,,f,,f,,,,,,
ee89d1740eea3a04c3e1a547a8fd9878,f,f,t,t,f,f,t,f,,0.0,1.0
ee7b3414b0400f115161ac8bf5234527,f,f,t,f,f,f,t,f,,0.0,1.0
ee107b851535f7b65ca45d102cbc6264,f,f,f,t,f,t,t,f,33.0,0.0,4.0
ede7ac9a781c69ec04a3ac2906f25c06,f,f,t,t,f,f,t,f,0.0,0.0,2.0
ede1835086132d94068f56a843378d99,f,f,t,t,t,t,t,f,66.0,0.0,3.0
ed7c3190d7e72112fe7753daee3d373b,f,t,t,t,t,f,f,f,100.0,2.0,1.0
ed05516a22a20448e030638b4c5ad538,f,f,t,t,t,t,t,f,66.0,0.0,6.0
ecbc357bf7402de3bac7c0dddc2b1463,f,f,t,f,f,f,f,f,0.0,0.0,2.0
ec896086c5ba4328be2e955ab689b730,f,f,t,t,t,f,t,f,100.0,0.0,1.0
ec5a4d095953836a9d82c942dc5866a2,f,,f,,f,,,,,,
ec4f7952aa6e4e4f77e3428fd943702a,t,t,t,t,t,f,t,f,85.0,3.0,2.0
ebcb0ff38e23d34b3271f8c8f18077d8,f,f,t,f,f,f,t,f,0.0,0.0,1.0
ea93ac61678ed1b4c401c0b9a497ed9e,f,t,t,t,f,f,t,f,33.0,2.0,1.0
ea6cad8e0f16755687adc79b2a2abf4a,f,f,t,t,f,f,t,f,50.0,0.0,2.0
ea54b062c6ef4d6b80bc9f3b01e76f12,f,f,t,t,f,t,t,f,,0.0,3.0
ea532ca84f36ee2a281b8f57a826b7cc,f,t,f,f,t,f,f,f,100.0,1.0,2.0
ea2525bac0cff3d1e3d6ccaefa5534a6,f,f,t,t,f,f,t,f,,0.0,2.0
ea1941f1d9be79409cb869be9584b073,f,,f,,f,,,,,,
e9473f45ec708bd2fb6a1a490dd65cb9,f,f,t,t,f,t,t,f,50.0,0.0,3.0
e89749cc6d9d38531d5f1f3889847bcc,t,t,t,t,t,t,t,f,84.0,3.0,11.0
e852c212cfc5a25504edfb8fe01d004d,f,f,t,f,t,t,t,f,100.0,0.0,4.0
e808196efbea957fdfb5e0446702a8f3,f,f,t,t,f,f,t,f,,0.0,2.0
e7c60f918b5a3d214cff3aa5e6c9869b,f,t,t,t,t,f,f,f,100.0,3.0,1.0
e7af8436079cd771ee876b9ccee799eb,f,f,t,f,f,f,f,f,,0.0,1.0
e7a0ecc87a9c8428c154a0a213c9e3b4,f,t,t,t,f,t,f,f,37.0,6.0,3.0
e753978909df5483c294ebf17d8a780b,f,f,t,t,f,t,t,f,50.0,0.0,3.0
e6e6063559a4747d022fedd900ee9b02,f,t,f,t,t,f,f,f,100.0,2.0,1.0
e6dd98d6673b29d89cfa670b7443ddd9,f,f,t,f,f,t,t,f,42.0,0.0,20.0
e6b8884c34e0bb3110400739ecb9436a,f,f,t,t,f,f,t,f,50.0,0.0,2.0
e6828c1cb3f10d3a4b6a53591d9a4815,f,f,t,t,f,f,t,f,0.0,0.0,2.0
e65fdf9387477ca8e6d402ffbaf21d31,f,,f,,f,,,,,,
e65500dff4cba0d2bc3cfcaeca102422,f,f,t,t,f,t,t,f,,0.0,3.0
e64dd750685a186bbb34d08ed68290f0,f,f,t,t,f,f,t,f,,0.0,2.0
e634ee14e66d35e54aefca182938a537,t,t,t,t,t,t,t,f,83.0,5.0,9.0
e61f0a904b63fba9c008cef120c4a177,f,f,t,f,f,f,t,f,,0.0,1.0
e59c77d9559f773acb01a1aa8b7c3be8,f,,f,,f,,,,,,
e5381af79dc9062ed4850c2e38fb1e38,f,f,t,t,t,f,t,f,100.0,0.0,2.0
e4e4dc263a700872a42f6613f151acd7,f,f,t,f,t,t,t,f,71.0,0.0,14.0
e4a5f46e79e9d50c46e8ee2e642978fe,f,f,t,f,f,f,t,f,0.0,0.0,1.0
e485cb752593775d2671910874e336a4,f,f,t,t,f,t,t,f,,0.0,4.0
e365364b7cca61e0d5b996c66878d1bb,f,f,f,f,f,f,t,f,0.0,0.0,1.0
e350484c51e6548142cf7343454b31fd,f,,f,,f,,,,,,
e29a35aa874bdd52f7cc3fd1a6281ea8,f,,f,,f,,,,,,
e26bd43bf16703985516c0bf7a7bb0b0,f,t,f,f,f,f,f,f,33.0,1.0,1.0
e2518151a1c9a8f0be1b347c57fb02e3,f,f,t,t,f,f,t,f,,0.0,1.0
e22bb5f74b163c9a4b6ffc051066bce7,t,t,t,t,t,t,t,f,62.0,3.0,7.0
e22638bc2d5fdac39b7425e7a20eab22,f,,f,,f,,,,,,
e222997d5c1ac39a1cdae76076c088d7,f,f,t,t,t,t,t,f,83.0,0.0,9.0
e13d8bf04de283465963cd71210ac1f0,t,t,t,t,t,t,f,f,100.0,1.0,3.0
e1309b1e7ff0b097a31789163b22a0d6,f,f,t,t,t,t,t,f,71.0,0.0,8.0
e12cb388ae714f6e96717a1ab9c1878b,f,f,t,t,f,f,t,f,,0.0,2.0
e10121d20ec28da175bddfd7ccb74a05,f,f,f,f,t,f,f,f,100.0,0.0,1.0
e0bf1d99bc76f7ad753fa8ea96625d05,f,f,t,t,f,t,t,f,0.0,0.0,3.0
e05cbc406b45906f4d12b210f1e415eb,f,f,t,t,t,f,t,f,66.0,0.0,2.0
e036f97ee20c374196a46f24d3ecfe6b,f,f,t,t,t,f,t,f,100.0,0.0,2.0
dfa2e141dd528ad1c40ca08b91d3f38e,f,,f,,f,,,,,,
df89eed1614fd7d889538113b1dee5b5,f,f,t,t,f,t,t,f,,0.0,5.0
df843004b34f2bc49bbe858d6a6bbd6f,f,f,t,f,t,f,t,f,100.0,0.0,1.0
df6ec8b5d33ca6c30516deaccadf41d6,t,t,t,t,t,t,f,f,75.0,4.0,3.0
df6893097dd73645549c9ab659f8ee19,f,,f,,f,,,,,,
df5202c7b64c5b7d69f9baaf2ab1aacb,f,f,f,f,t,f,f,f,100.0,0.0,1.0
df4f68a9ed02760b05872fa8eaaee5e1,f,,f,,f,,,,,,
dee2872947f2a2f757685adcb417a4b7,f,f,t,f,f,f,t,f,0.0,0.0,2.0
de9b92122c526f45e924878a55c9d86e,t,t,t,t,t,f,t,f,66.0,1.0,2.0
de88332d888f672dd161b8004c991951,f,f,t,t,f,f,t,f,,0.0,1.0
de395027892e44a750a5f9609d83a0ec,f,f,t,f,f,f,t,f,0.0,0.0,1.0
dde150f70d2f5aed7a4e51c99c378eff,f,f,t,t,t,f,t,f,100.0,0.0,2.0
ddbe0da782883f0527cef9029f0bfd5b,f,f,t,f,f,f,t,f,,0.0,1.0
dc49dad278131dd87f9975fb6e18be87,f,,f,,f,,,,,,
dba722a06c1f01c5cf1b3ca8ad21afa0,f,f,t,t,f,t,t,f,50.0,0.0,3.0
db96531816943530dce7d7fb52e8f020,f,f,t,f,t,f,t,f,100.0,0.0,1.0
db68a1592461089adc9cf6edfcbd6093,f,t,t,t,f,t,f,f,46.0,7.0,5.0
db677db662932ea3301b62a0d1a162af,f,f,t,f,f,f,t,f,0.0,0.0,1.0
daf8e08ec9d1b747cae3b4d0408c0d60,f,f,f,f,f,f,f,f,,0.0,1.0
dae160584cfe34528f079ba189570963,f,f,f,f,t,f,f,f,100.0,0.0,1.0
dabba6eedb29d837314629093a68992f,t,t,t,t,t,t,t,f,81.0,26.0,11.0
dab90237fb721050ccbae4fc1a62c717,f,f,t,t,t,t,f,f,71.0,0.0,9.0
dab2f0478b2a23c6797328c18c99b3aa,f,t,f,t,f,f,f,f,33.0,2.0,1.0
daaae408ca8b1c6a757df6c2cdd02ff4,f,f,t,t,f,f,t,f,0.0,0.0,2.0
da918791dd42c514264dc96750144a7a,f,f,t,f,f,t,t,f,0.0,0.0,3.0
da52f9d4665981afa35445549ec616b3,f,t,t,t,f,t,f,f,34.0,1.0,30.0
da3cc48c6143b3aaa3c45f27c12b72a0,f,t,t,t,f,f,t,f,0.0,2.0,2.0
da0f7edba23a45a7df757714cf556a47,f,f,t,t,f,t,t,f,60.0,0.0,9.0
d988b43e76a6ca1a82125f24f938b40b,f,t,f,t,t,t,f,f,80.0,1.0,7.0
d975d4fc285b381e8194f32b79e423b3,f,t,t,t,f,t,t,f,50.0,4.0,5.0
d9508844234ffe702cbb8e3d08325111,f,t,t,t,f,f,f,f,50.0,1.0,1.0
d8ab58dc290165ba57f0158dd2f428db,f,f,t,t,f,t,t,f,35.0,0.0,20.0
d8a12db88f67fadd07381b0df7333c6e,f,f,f,t,t,f,t,f,100.0,0.0,2.0
d88a20f2452ab577632ef62c94957459,f,f,t,f,t,f,t,f,100.0,0.0,1.0
d84eba5228b3a301786043712c726b84,f,t,f,f,f,t,f,f,36.0,3.0,8.0
d7c50ddb605a27d1ae648335ef716d13,f,f,t,t,f,t,t,f,45.0,0.0,13.0
d6b710e64ea1f36c94ce1aef1e107109,f,f,t,f,f,f,t,f,0.0,0.0,1.0
d675130377b08f986496bcb6e960bac4,f,f,t,t,t,t,t,f,83.0,0.0,6.0
d6677fb1b9972ee6a58e6f2f72b23165,f,f,t,t,f,f,t,f,50.0,0.0,2.0
d64a1cccf70e688843e4608c81df309a,f,t,t,f,f,t,f,f,42.0,1.0,13.0
d5933cfb6aae7d75e788da1b8b92ff34,f,f,f,t,f,f,f,f,0.0,0.0,2.0
d568e44c3644f07e5afb47c02f070ea0,f,t,t,t,f,t,t,f,16.0,2.0,4.0
d55f1901eb989139b2d15d2bcbe1b2dc,f,f,t,t,f,f,t,f,,0.0,1.0
d55965cbae5da9ad9454178cad9a99bf,f,f,t,t,t,t,t,f,66.0,0.0,10.0
d5266df97d40ce1f279efbcb2398ddd7,f,,f,,f,,,,,,
d4ab74ff207a77cad703004d53613b66,f,,f,,f,,,,,,
d46541a994a2b16ae4f05e09021daefc,f,t,t,t,f,t,t,f,52.0,8.0,7.0
d425008af373fbeaa9d072bd45f213c8,f,f,t,t,f,t,t,f,,0.0,4.0
d41b719dfecf209895b6774fe49b829a,f,f,f,f,f,f,f,f,0.0,0.0,1.0
d37b2092a52c1cb7d81f562504bfd13c,f,f,t,t,t,t,t,t,88.0,0.0,12.0
d338accd9e4158900667db00a4b4a734,f,f,t,f,t,t,t,f,66.0,0.0,3.0
d2994f73c522a692df8f4426fc23ebf1,f,f,t,t,f,f,t,f,,0.0,1.0
d2911f458c2fb8d3da60bbbd111b70d1,f,,f,,f,,,,,,
d2521b64d9fcef77c3ac94e4723bf2b9,f,t,t,t,f,t,t,f,29.0,3.0,5.0
d21938f71855bc0358309ce8114b8ffb,f,f,t,t,t,t,t,f,100.0,0.0,4.0
d0ac94e6e68420be38798d064d5be0f1,f,f,t,f,f,f,t,f,0.0,0.0,2.0
cf7124b749c8bbe1e9de98343014c13e,f,f,t,t,t,t,f,f,75.0,0.0,4.0
cf55f6b109f440e4f8bfca9263cfdd26,f,t,t,t,f,f,f,f,33.0,5.0,1.0
cec16590de7f4dbd804d99dc617283c7,f,f,t,t,f,t,t,f,0.0,0.0,3.0
cea53caebcf647316b76d35a46cdd392,f,,f,,f,,,,,,
ce9ac17909c86627c0b1e100837bd2e0,f,f,t,t,f,t,f,f,,0.0,4.0
ce5160aa2a0a598c174a7d0184050bba,f,f,t,f,f,f,t,f,0.0,0.0,1.0
ce4cd1e956e8a2c5488e75ace67b2126,f,f,t,f,f,f,t,f,0.0,0.0,2.0
ce3ec2eaed01dbb5376ce44f1ef8b784,f,f,t,t,f,t,t,f,,0.0,6.0
cdec4d3620e4008c098c8d1268e63ad7,f,,f,,f,,,,,,
cdc54fe550bf5243923b69191e102695,f,f,f,t,t,t,t,f,100.0,0.0,4.0
cd95811800ebf0391ae033f23d97fb92,f,f,t,t,t,t,t,f,83.0,0.0,7.0
cd22789f3e57f7830c5e0faf6d903a58,f,t,t,t,f,t,t,f,50.0,1.0,3.0
cd1d8c71db14faa7b63a8814dbae40a9,f,,f,,f,,,,,,
cccc37cf0a90be05ce419a48c77dec5e,f,f,t,t,f,f,t,f,,0.0,1.0
ccc34d5cece3a53b1f25716ccd69c242,f,f,f,t,t,t,f,f,100.0,0.0,3.0
cc6f4f61c4100c8486e1643a0c9ff2e3,f,t,t,t,f,f,t,f,33.0,1.0,2.0
cc6c5abfa0fc1981c39c2b56bbf3bc12,f,,f,,f,,,,,,
cc6afad5e38055914672f884cd97ebad,f,f,t,f,f,t,t,f,33.0,0.0,3.0
cc661211c9da72a987994b510fee5403,f,,f,,f,,,,,,
cc2228f006818e157089ea847a159230,f,f,t,f,t,t,t,f,75.0,0.0,4.0
cbd68c34ae4fb97449fa14914c0a2cec,f,t,t,t,f,f,t,f,0.0,1.0,2.0
cbae55851ffaa956061a67da58a39049,f,f,t,t,t,t,t,f,75.0,0.0,12.0
cba32d10af6e65ea77f920ee5d91a99b,f,f,t,t,f,f,t,f,,0.0,1.0
cb89c2a41c147073864dbb4d5198c48e,f,f,t,t,t,t,t,f,66.0,0.0,4.0
cb4695460fe7e19d7ce9ca0de9c8aac5,f,f,t,t,t,t,t,t,71.0,0.0,19.0
cb3c215e34435e3eba2a66ef9bc50cf7,f,f,t,t,f,f,t,f,,0.0,1.0
cb30083c47b10e42296bc93c7b325663,f,f,t,t,f,t,t,f,60.0,0.0,5.0
ca545909d50f3af3b1631c153c4a61c6,f,f,t,t,f,t,t,f,40.0,0.0,6.0
c9f3bddf3f2f4d4c836bfe2617c02443,f,f,f,t,t,f,f,f,100.0,0.0,1.0
c9730559572f6b20d30f5d95e92e8cad,f,t,t,t,f,f,f,f,57.0,4.0,2.0
c8e6c4719e77d1840c7d53b17e9830e9,f,t,t,t,f,t,f,f,42.0,3.0,5.0
c8ad826b02aca95ee6fad62ab49883dc,f,f,t,t,f,t,t,f,50.0,0.0,6.0
c881021bf6eed80ce04b6fba66c723f6,t,t,t,t,t,t,t,f,66.0,2.0,3.0
c803fa03f2e0fb80282edd6ba6f47780,t,t,t,t,t,f,t,f,66.0,2.0,2.0
c7c914f42bc79d39494a857c6c73e82f,f,f,t,t,t,t,t,f,71.0,0.0,8.0
c7accb492ce480524658d8e4f583e38b,f,t,t,t,f,f,f,f,47.0,13.0,1.0
c7a1f8be539e67ea871e2121a7a0eedd,f,f,t,t,f,f,t,f,0.0,0.0,2.0
c73e3327a483243dfade9adfb7529fe0,f,f,t,t,f,t,t,f,,0.0,7.0
c6e03d20ab8b81ebd0e9d4c154c4a916,f,f,t,t,f,f,t,f,,0.0,2.0
c6d8dda38646ab80ce0a1923eb4a63a4,f,,f,,f,,,,,,
c6cf7a595bf1d3070f5e38dd9dbdc189,f,f,t,f,f,f,t,f,0.0,0.0,1.0
c66895e5cb495a26b2ad4c710b850f38,f,t,t,t,f,f,t,f,25.0,5.0,2.0
c63ea82c26e2b30091df3d918f02981b,f,f,f,t,t,t,f,f,100.0,0.0,4.0
c63ca0fd5e68b023c08927380ff63cb6,f,f,t,f,f,f,t,f,,0.0,1.0
c60210f3291b5246d69b094f49c38811,f,,f,,f,,,,,,
c5f53dd026f94c011011e67caed7f8c3,f,t,t,t,f,t,t,f,0.0,1.0,3.0
c3f735dba87a737e87304b23dd24d57e,f,f,t,t,f,t,f,f,20.0,0.0,5.0
c3e0b15512b25449eda973f8bd1bb4c3,f,t,t,t,f,t,t,f,25.0,1.0,4.0
c3ac59d8dc2c4aeb155ef5b9ec14096b,f,f,t,t,t,t,t,f,75.0,0.0,4.0
c3a78e33d1f01993470de2b2f2964a81,f,,f,,f,,,,,,
c36fe88a07b711797f9a768669488dd0,f,f,f,t,t,t,t,f,100.0,0.0,6.0
c2ad1376ed1fda15d0c8738c824742fc,f,,f,,f,,,,,,
c26c1ae71451c25ece3f0cc23fcabd51,f,f,t,t,t,t,t,f,75.0,0.0,4.0
c1c563aada7735595fb7a9f980abe09a,f,f,f,t,t,f,t,f,100.0,0.0,1.0
c169cecb42f0e08e3a6646028d41a1a9,f,f,t,t,f,t,t,f,16.0,0.0,11.0
c13732984adbae2e7d047743c09a95e6,f,f,t,t,f,f,t,f,,0.0,1.0
c09eb91661ebdfcc5f3b4b23970961db,f,f,t,t,f,f,t,f,,0.0,2.0
c083e4c1099f10a2603c6daaf387015e,f,f,f,f,f,t,f,f,33.0,0.0,3.0
c07fcb5f28c0a45c7831c7eeb71f0da7,f,,f,,f,,,,,,
c03e497a748bf64662fb5eb0c697f6d0,f,f,t,f,f,f,t,f,,0.0,1.0
c037b180cff343b0d3748ae63812406a,f,,f,,f,,,,,,
bfdada86f6336078fea6741aad3ffdf9,f,f,t,f,f,f,t,f,0.0,0.0,2.0
bf89c483afda1fae6dbe9c9da44bc12a,f,f,t,t,f,t,t,f,,0.0,3.0
be4fa8df5a116b0726b4c8ac99662ee2,f,f,t,t,f,t,f,f,20.0,0.0,5.0
be4331f87c5dc2a11a1221eb7659ac80,f,f,t,t,f,t,t,f,0.0,0.0,4.0
bdd277e05a575dd36dec39d984b0de35,f,t,t,t,f,f,t,f,16.0,4.0,1.0
bd7300d11af16257a12b595c9ca97f07,t,t,t,t,t,t,t,f,100.0,5.0,5.0
bd6f16deca25422bf7b885cd65c0d3b0,f,f,t,t,t,t,f,f,100.0,0.0,8.0
bd6de83d4868f5ae76876050eaea5c05,f,f,t,t,t,t,t,f,66.0,0.0,4.0
bd5959ef482e3cca40298a5064cca59d,f,t,t,t,f,t,t,f,25.0,2.0,5.0
bd3d3020ac8e20514735254a72fde5d9,f,,f,,f,,,,,,
bd29703bead92ff14c783e062b3a7e88,f,f,t,t,f,t,t,f,0.0,0.0,3.0
bce76aa3c9ea1a6e3bd9e0adcfe2a8a1,f,,f,,f,,,,,,
bc4f045fd366ab277729b5a03d5d3b2d,f,f,t,t,t,t,t,f,100.0,0.0,3.0
bbd79b4f9b481b3a79fcef81e43ddec6,t,t,t,t,t,t,t,f,66.0,2.0,6.0
bbb8f0a2bb24e09f894f9c87800b0ece,f,,f,,f,,,,,,
bb7968ffecc0877faa93b0887ef62b99,f,f,t,f,f,t,t,f,50.0,0.0,4.0
bb5a0820a5d74af9ea17aa283d409fe8,f,f,f,t,f,f,f,f,,0.0,1.0
bb326b87e800b98c642af1eeaea0835f,f,t,f,t,t,t,f,f,100.0,1.0,5.0
bb2274189b744e21d40b5c90738b451d,f,f,f,f,f,f,f,f,0.0,0.0,1.0
baa8da9873a13699844b69cb05fb6714,f,,f,,f,,,,,,
baa7113911844f0fc9bb5a1cb91eddf9,f,f,f,t,t,t,f,f,100.0,0.0,3.0
ba9a0d954d95c67b7270435879ca3c1a,f,f,f,t,t,f,f,f,100.0,0.0,1.0
ba78c6164e94c5fec57e61837c29d44d,f,f,t,f,f,t,t,f,,0.0,3.0
ba0e8dcdf176949372b7043ff95b3534,f,t,f,t,f,f,f,f,50.0,2.0,0.0
b9d1bce5492aaa70d40044dae3eb42b9,f,f,t,f,f,f,t,f,,0.0,2.0
b9c8943b180a1ab0ec42485149ecb10f,t,t,t,t,t,t,t,f,100.0,1.0,6.0
b9a8b34b40474709c5802216ca0c6808,f,f,t,t,t,t,t,f,66.0,0.0,6.0
b98d664945ab6dd0b61e7b424150137e,f,f,t,f,f,f,t,f,0.0,0.0,2.0
b91b3c60917345cc29eebf24dbe0c227,f,f,t,t,t,t,t,t,80.0,0.0,5.0
b9031be505a561f60041293fc4f47f93,f,f,t,t,t,f,t,f,100.0,0.0,1.0
b8e10788906528d5997452b0738542b0,f,t,t,t,f,f,t,f,50.0,1.0,1.0
b8d5b50120bfa8ba6a11ce1e77507f7e,f,f,t,t,f,f,t,f,,0.0,1.0
b8d21a4df021514a704e7298c1da07cd,f,,f,,f,,,,,,
b8bd0159c4bc3f97895ed8a20abc8e1c,f,f,t,t,t,f,t,f,100.0,0.0,2.0
b8b9f46badd8bb02b365e11ffcd14b97,f,f,t,f,f,t,t,f,50.0,0.0,3.0
b8b0c5a01ec3af675a76c3ea792b1d25,f,f,t,t,t,f,t,f,100.0,0.0,1.0
b891617383c5ba4cc42534dabf545ef1,f,f,t,f,f,f,t,f,,0.0,2.0
b88931258cddfb1f9dd3ebeefc50ef28,f,,f,,f,,,,,,
b882250ac28c69b8ed665457367eab66,f,,f,,f,,,,,,
b848e9b6cc4caa96cbac4ea6fec8429d,f,,f,,f,,,,,,
b7e37f605fb76936242523d9677a66cf,f,f,t,t,f,f,t,f,0.0,0.0,2.0
b76d572d4dc2a547cd6ede042d77687b,f,f,t,t,t,t,t,f,66.0,0.0,10.0
b76d15384f05614c1be100c7d2667524,f,t,t,t,f,f,f,f,0.0,3.0,0.0
b75b6f42a4e14b4302667ab6d5c6392a,f,f,t,t,f,t,t,f,50.0,0.0,5.0
b6f068e5abb4e1aa10489190ec958340,f,f,t,t,t,f,t,f,100.0,0.0,1.0
b6e68c5d4046d94ff3c6c5cadbd82e05,f,f,t,t,f,t,t,f,60.0,0.0,5.0
b6324601e40c0084af8fd39262c12c19,f,t,t,f,f,t,t,f,28.0,1.0,15.0
b5e69e10012db197237042ba86419f84,f,f,t,f,f,f,t,f,,0.0,2.0
b5c9d89a13144ce2217da94b8f678a85,f,,f,,f,,,,,,
b5b2edc3f8f96c07c89f5993023fdee3,f,f,t,t,t,t,f,f,80.0,0.0,6.0
b4ec9708f8ed0f8152ea6eb618911157,f,f,t,f,f,t,t,f,,0.0,3.0
b44c1ad2f67aa22040c43a21663492f5,f,t,t,t,f,t,t,f,42.0,2.0,19.0
b4380ac3b5d42d43eda40df556d86c91,f,f,t,t,t,f,t,f,100.0,0.0,1.0
b4225d979f113c1b2968ba5bef4ab6e6,f,,f,,f,,,,,,
b368668a0282a9c50514bdc0e9036414,f,f,t,t,f,t,f,f,33.0,0.0,3.0
b35a615a33818821259219fc13f8b8d8,f,,f,,f,,,,,,
b3360f9013c1bcbb066ddd5a844aa3f5,f,f,t,f,f,t,t,f,60.0,0.0,7.0
b303b75d06b6b903b963d9743c5ef65a,f,t,t,t,f,t,t,f,33.0,3.0,4.0
b2a3a44db62614f3852d593a6565f70b,f,f,t,t,f,f,t,f,50.0,0.0,2.0
b1fcb1abacd47815d26ad0df75202283,f,f,t,t,t,f,t,f,100.0,0.0,1.0
b1c04b9b6e3b3ba4635a8af1171f8f28,f,f,f,t,t,f,f,f,100.0,0.0,1.0
b12989af7a0bbe5ec1f0acc1ecba7939,f,f,t,f,f,f,t,f,0.0,0.0,2.0
b119b019c2c5bcb149028e9f3b6461ed,f,f,t,t,f,f,t,f,,0.0,1.0
b1049d9609a9e1e539cfa86a1ab5badd,f,t,t,t,f,t,t,f,50.0,1.0,7.0
b03b8b9986d8b21c05a694a1b189ce8f,f,f,t,t,f,f,t,f,50.0,0.0,2.0
afe2da9541a87ba9cddf35e5db150b9a,f,f,t,t,f,t,f,f,22.0,0.0,7.0
af6955a883418791b37a268d8f673f45,f,f,t,f,t,t,t,f,100.0,0.0,11.0
af3e9128ec3c9a36f0ac44deb815dea1,f,f,t,f,f,f,t,f,0.0,0.0,1.0
af2e1e56a44ed6459ef0c34c9e4c1ad5,f,f,t,t,f,t,t,f,,0.0,6.0
aefb2f34c12316cb5040d07ec0586195,f,f,t,f,f,f,t,f,0.0,0.0,2.0
aea6498af7731267b8fa04ad51c9fd0e,f,t,t,t,t,f,f,f,100.0,1.0,0.0
ae6526f382318ca19d121853ceda2e0c,f,f,t,t,f,f,t,f,,0.0,2.0
ae40bf76fe519081c9cc116364432260,f,f,t,f,f,f,t,f,0.0,0.0,2.0
addf53333107fb54378ae4de90096976,f,f,t,t,f,f,t,f,,0.0,2.0
adb8d5f7713786e3c3767932f3548d9c,f,f,t,f,f,f,f,f,,0.0,2.0
adaf994222ba44d3b185db276550f6cc,f,t,t,t,f,t,f,f,50.0,3.0,5.0
ad8e3fdd6a664cdb3dbecd40a183921b,f,,f,,f,,,,,,
ad5d9f5435b2ebf6bdce6e28894cb8bf,f,f,t,f,f,f,t,f,0.0,0.0,1.0
ac361d086f0443aed9cbcdb40feb8221,f,,f,,f,,,,,,
ac2621c5a79e436982e35a83f8974fd4,f,f,t,t,f,t,f,f,50.0,0.0,3.0
abfdd0bea8097af8e99f8618153b5e84,f,f,t,t,f,f,t,f,,0.0,1.0
ab9436cbc0a8bb28585db21c6dd5766d,f,f,t,t,f,t,t,f,60.0,0.0,4.0
ab39574a75969ca01e1265197cb967b3,f,f,f,t,f,f,f,f,50.0,0.0,2.0
ab0581c685173337704424d8613bf1f8,f,,f,,f,,,,,,
ab049fe088aa71468c051348553be7b0,t,t,t,t,t,t,t,f,73.0,2.0,14.0
aac1aa234890e57dd0225411e031360b,f,f,t,t,t,t,t,f,100.0,0.0,5.0
aa20118aaddaad131548250da3cd5490,f,f,t,f,f,f,t,f,0.0,0.0,2.0
a9fe7c39383c4edea05b71c87ba7e626,f,f,t,t,f,f,t,f,0.0,0.0,2.0
a99fc769d0f8fa97995db2ff19810d4a,f,f,f,t,f,t,f,f,,0.0,4.0
a93684add860afa02c6cc86a8409ba18,f,t,t,t,f,t,t,f,36.0,8.0,3.0
a91de04c9c37e3aa7b4982c2e47c1079,f,f,t,t,t,t,t,f,75.0,0.0,8.0
a8c4330ba99450ecef9b5a213f27dc80,f,,f,,f,,,,,,
a81970fedad592b7eb5769d35cf06730,f,,f,,f,,,,,,
a7407086d995f9bdbf75c1f3a151f552,f,f,t,f,f,f,t,f,0.0,0.0,1.0
a72de45c11f9d16d5c7627a707823460,f,f,t,t,t,t,t,f,66.0,0.0,5.0
a64a38e87c0bc9482ac1a97d78905559,f,t,t,t,f,t,t,f,57.0,4.0,3.0
a5cce7ee4d128a12e2b47cfb9450d80d,f,f,f,f,t,f,f,f,100.0,0.0,1.0
a5c106638cb72f25e7f362dfe0bd4f29,f,t,t,t,f,t,t,f,16.0,2.0,4.0
a587aff19ebf0a97c8844948df9daa64,f,,f,,f,,,,,,
a56d94f9b41f1847acd5678c46cf9a4a,f,f,f,f,f,f,f,f,,0.0,1.0
a4fc2e476675d3f7b99cc2c41a18c76d,f,t,t,t,t,f,f,f,100.0,1.0,1.0
a4f387ed9d8eb475d5e8a65891020c32,f,f,t,f,f,f,t,f,,0.0,2.0
a4a26ca18a6385ed3d1961fad7a81b37,f,t,t,t,f,t,t,f,38.0,2.0,9.0
a496432083e7f9a70993f6e673486a2a,f,t,t,t,f,t,t,f,55.0,1.0,10.0
a3d61f24e575a5d7f83e6ed010012734,f,f,t,t,f,f,t,f,,0.0,1.0
a3b216ce075580eae4eef7bc1436d378,f,f,t,t,f,t,t,f,,0.0,5.0
a35a80ee63b9db5b56d8d9baffa790a3,f,f,f,f,f,f,f,f,50.0,0.0,2.0
a26c193737a4e497a8eada4efad7f044,f,f,t,t,f,t,t,f,,0.0,4.0
a1b958b395ef9a3036e8a6a392e6a1a1,f,f,f,t,t,t,f,t,88.0,0.0,19.0
a18c8519a3edb3444823b1af612496e7,f,t,t,t,f,t,t,f,37.0,6.0,4.0
a15a03bb68672b8cb0d6ba28c3c3a327,f,,f,,f,,,,,,
a13f0607d8e17db4058f2531fe7fd5b9,f,f,t,f,f,f,t,f,0.0,0.0,1.0
a0813cef74545ded0bb65cc069ca9e60,f,f,t,t,f,f,t,f,,0.0,1.0
a04c5c79ac2ffa36c60250d59d2ca80d,f,f,t,f,f,f,t,f,0.0,0.0,2.0
9f87c3445a6e9b1484409d3d262263ec,f,f,t,t,t,f,t,f,100.0,0.0,1.0
9f55be6806fecbc7915b449bb6f437f0,f,,f,,f,,,,,,
9f407e03ae4153ad80b7e179714122ec,f,f,f,t,f,t,f,f,33.0,0.0,5.0
9dcf5c083eb0638daf3875c051ecfbf4,f,f,t,f,f,f,t,f,,0.0,2.0
9d6648b24e6c880044b3061c0958391b,f,f,t,f,f,f,t,f,0.0,0.0,1.0
9cdbcbd76ac22ca5388d129c5c3087c2,f,,f,,f,,,,,,
9cc44ed15e6d0e007b6c9bddaac367e9,f,f,t,t,f,t,t,f,,0.0,7.0
9bf028941b07ccfd042e9c41b4a60bf4,f,,f,,f,,,,,,
9bac8bf13a0287ed635c72ce26ddd287,f,f,t,t,t,f,t,f,100.0,0.0,1.0
9b65e0c145a5395b9d97bb387d4a2ffe,f,f,t,t,f,f,t,f,50.0,0.0,2.0
9b64ea72699817c7e4f4dcda1f3b4684,t,t,t,t,t,t,t,f,75.0,2.0,4.0
9b62912faa3deb9379de564703835034,f,f,t,t,f,f,t,f,0.0,0.0,2.0
9a911199d12460b1b417452d6784f75b,f,f,t,t,t,t,t,t,100.0,0.0,3.0
9a7c428b7b33f0e68679c1ea3c831141,f,f,t,t,t,t,t,f,100.0,0.0,3.0
9a73a486878b275d380e9d5694256a97,f,,f,,f,,,,,,
99e11c57a307db37681c300590d997b6,t,t,t,t,t,t,t,f,64.0,4.0,12.0
99c406f05cb78a8ff6ce94fa8abd690d,f,f,t,f,f,f,t,f,50.0,0.0,2.0
99bb3b663c83bc9da18f7075297da79d,f,f,t,f,t,f,t,f,100.0,0.0,2.0
99b852752f196c436a9e84b32cc86624,f,f,t,t,t,t,t,f,71.0,0.0,8.0
9998eee103c5090535012825ad1f10c8,f,t,t,t,f,f,f,f,40.0,8.0,1.0
998b2e35e6a3f3d7745f5f8f6d4e6862,f,f,t,f,t,t,t,f,66.0,0.0,5.0
98c0f89175a855487b011b260e11c0d8,f,f,t,t,f,t,t,f,57.0,0.0,7.0
9810c9bc0e60a4dfc15870e5dc6076b6,f,f,t,f,f,f,t,f,,0.0,1.0
97f83e38b672c082efe1f32019d52da7,f,f,t,t,t,t,t,f,66.0,0.0,3.0
979135b23c6dfad1087f79d3ab63d0e7,t,t,t,t,t,t,t,f,62.0,3.0,7.0
9786e51ee2f21335bae0cf7bb2c02271,f,f,t,t,f,t,t,f,50.0,0.0,7.0
976603330c608fa00b6a865b5e5cac50,f,f,t,t,t,t,t,f,80.0,0.0,5.0
973f73e8522da01576f1b417a170fd1f,f,f,t,t,t,t,t,f,62.0,0.0,9.0
96ed6eec5f26aff5ed7a31874e78b3b7,t,t,t,t,t,t,f,f,66.0,2.0,4.0
96c1ced5aa65035ceef58bb099a89c81,f,f,t,t,f,f,t,f,,0.0,2.0
963bb407a545b2c00c9cbd53479ff07b,t,t,t,t,t,t,t,f,66.0,2.0,4.0
9632edaca1912161230565bd3495a1f4,f,f,t,f,f,f,f,f,50.0,0.0,2.0
9607727b06b3ec2342611d5b4e1442c4,f,f,t,t,f,t,f,f,33.0,0.0,8.0
95a2dab33a721711f58c87d70486ffca,f,,f,,f,,,,,,
9543b2051b1c8948c8cb4fe07acb10aa,f,f,t,f,f,t,t,f,0.0,0.0,3.0
95230fefb550364764c402bb9a7095fd,f,f,f,f,t,f,f,f,100.0,0.0,2.0
94fd072b83c83ab1af0a95812b5bc7ff,t,t,t,t,t,f,t,f,75.0,2.0,2.0
94cb35d5f5e46164b2c729cc8893ab4c,f,f,t,t,f,t,t,f,60.0,0.0,10.0
94b65e1bead76a9970028cfb02fc1e85,f,f,t,f,t,f,t,f,100.0,0.0,1.0
94476c9a291ecb8029b8f62ce8eb2757,f,f,t,t,f,t,f,f,25.0,0.0,4.0
94437e9dd2af622a68ac8d1b26de9e87,f,f,t,f,f,f,f,f,,0.0,0.0
943d7f4cbbb48bea9c7089228230f1ee,f,t,t,t,f,f,f,f,37.0,6.0,2.0
943cee07d903faf7667f44aa2100c5db,f,f,t,t,f,t,f,f,50.0,0.0,8.0
94022c097cb6d82e58387e04b9aeb170,f,f,f,f,t,t,t,f,100.0,0.0,3.0
93ea7b4e355a315c29566e429b9f7804,f,f,t,t,f,t,t,f,33.0,0.0,3.0
93af8d093c878df1a4ef5b6b0615dbc5,f,,f,,f,,,,,,
93a756bcb7a90d29ba4fd9f70917a7d0,f,f,t,t,t,t,t,f,75.0,0.0,5.0
93518395d107aaf854379397f8f869f2,f,,f,,f,,,,,,
93387c8a0a401fab153227b9b2badb4a,f,f,f,t,f,f,f,f,0.0,0.0,1.0
932beb23a17e2c867cebdfdeec0a4a46,f,f,t,t,f,f,t,f,0.0,0.0,2.0
9308749f56c07b87b971c07ecf5e9fef,f,f,t,t,t,t,t,f,80.0,0.0,4.0
91ff4a0f572820cd5e1a8047e6084a63,f,f,t,t,t,t,t,f,90.0,0.0,10.0
91bf9369077e1b1430643129e84cb98e,f,f,t,f,t,t,t,f,66.0,0.0,6.0
91ac5b4e398e1ac3ccc9b1159d300f92,f,t,t,t,f,t,f,f,48.0,2.0,44.0
915e3e74f0a45e5edf8913d7dfdce0c3,f,f,f,f,f,f,f,f,0.0,0.0,1.0
90f4c29174e2b34c7d6e7f90cadcab18,f,f,t,t,t,t,t,f,77.0,0.0,11.0
90f383b477d079136849a7abc5bf7b22,f,f,t,t,f,f,t,f,,0.0,1.0
90adb273ff3dbce9333da1f2e87d2240,f,f,t,f,f,f,t,f,,0.0,1.0
90a4cd1fc8951e33bf3fb7861a4f730f,t,t,t,t,t,f,t,f,100.0,2.0,1.0
9040e49ab39cbfa1aaeded6ced9363d1,f,f,f,f,t,f,f,f,100.0,0.0,1.0
901ae27bfd5cdc6ef3f712df084f9384,f,,f,,f,,,,,,
900727a3ea68b73e5eca316d8a47ff29,f,f,t,t,f,f,t,f,,0.0,1.0
9001d8ef8224eadf948af1375fc9ee98,f,f,f,f,f,f,f,f,,0.0,1.0
8fcc0e730a2403b777bf9e5a66fb0f74,f,t,t,t,f,t,f,f,45.0,3.0,9.0
8faf35f39821099e8f3e3b1ff2ae82a1,f,f,t,t,t,t,t,f,66.0,0.0,5.0
8faa1f2606802242397073487b1aa9f5,f,f,t,t,t,t,f,f,75.0,0.0,4.0
8f32f962fd7c16a705b0e50b00d42ce9,f,f,f,f,f,f,f,f,0.0,0.0,2.0
8dde2fb746b820b2d5614c7895cbad6b,t,t,t,t,t,f,t,f,66.0,2.0,1.0
8d3ab1487bcf80806222e40c6f34117f,f,f,t,f,f,f,t,f,,0.0,1.0
8d20e91b69c5c884b67a20821581b1f1,f,f,t,f,f,t,t,f,0.0,0.0,3.0
8cfdddf0d85669d37168967203988495,f,,f,,f,,,,,,
8cb81cf09a871422e8105d2909a2f35c,f,t,t,f,f,t,t,f,41.0,3.0,15.0
8c6db7f3f3c22b743f823ffdc1318672,f,f,t,t,f,f,t,f,,0.0,1.0
8c6846601e8cf99d9e18f61b71c44e27,f,f,t,f,f,t,f,f,33.0,0.0,5.0
8bb50814927587a51a2f43747f844a21,f,,f,,f,,,,,,
8adbba0aef834d851415f64879171b0b,f,t,t,t,f,t,t,f,40.0,2.0,4.0
8a05ff83fb7267a677ac28e810998259,f,f,f,f,f,f,f,f,,0.0,1.0
898ee0b8ee79cec2e9a22b1982c21c35,t,t,t,t,t,t,t,f,64.0,2.0,25.0
897d520e60ad798b1d3e37807b2b5b0e,f,t,f,t,f,f,f,f,33.0,2.0,1.0
8940cf3dc2b567140e7796f684eb51c2,f,f,t,f,f,f,t,f,0.0,0.0,1.0
892394dcff32baa4e04728ea1c32b100,f,f,t,t,f,f,t,f,,0.0,1.0
886dddaed6fc45cbb86f77ed00ae445d,f,f,t,f,f,f,t,f,0.0,0.0,1.0
884e03466bcbbde2349c03f00461a93b,f,f,t,f,f,f,t,f,,0.0,1.0
8806e4370d97d210a15053867c3aa682,f,t,t,t,f,f,f,f,50.0,7.0,2.0
87f13e60b2edf5f60b7c7a09a06609ae,f,f,t,f,f,f,t,f,0.0,0.0,1.0
87b86ce09e1ce5bd4fb6488568bd3b9b,f,f,t,t,f,f,t,f,,0.0,2.0
873a979ade6597592c6a05d316f7c85a,f,f,t,t,t,f,t,f,100.0,0.0,2.0
86f7f135538142802819d8e722beea55,f,f,f,f,f,f,f,f,,0.0,1.0
86ef4c4ad2ea714af5c6ed8da674a2fa,f,f,t,t,t,f,t,f,100.0,0.0,1.0
86dab7feec7991d4b866a5347912df2f,t,t,t,t,t,t,t,f,100.0,1.0,7.0
86a3d4fcec344d39f42252c4358b2e07,f,,f,,f,,,,,,
8659f0bc1c960f4bab808d77b642ceec,f,f,t,t,f,f,t,f,,0.0,1.0
86546ebc89dbd51493ae25a5488d30d6,f,,f,,f,,,,,,
863076daee7ffa4612c6bb6350c90bc9,f,t,t,f,f,f,t,f,50.0,1.0,1.0
85e85e815a510fe050f3d85ee301a8e8,f,t,t,t,f,f,f,f,28.0,9.0,0.0
8515504e9df31fe090113fd9dd64aed0,f,f,f,t,t,f,f,f,100.0,0.0,2.0
850e0f9219c0f8a19dd87fbcf4075172,f,t,t,t,f,f,f,f,50.0,6.0,0.0
84cee771f809df3244d28a176510240e,f,f,t,t,f,t,f,f,53.0,0.0,14.0
847735d6e4e6fda7cfedacb7b6089815,f,f,f,f,f,f,f,f,,0.0,1.0
8435d36de08dc8a70f7200b2fe3b37c7,f,f,t,t,t,f,t,f,100.0,0.0,2.0
84150182c50694f7347227c58587bfd6,f,f,f,f,t,f,f,f,100.0,0.0,1.0
8410c6f6f9c957f9a6ea75bc848408db,f,f,t,t,t,t,t,f,75.0,0.0,4.0
84028f45546e44e776ac046e3c504506,t,t,t,t,t,t,f,f,80.0,2.0,4.0
83e8e9b14febe712d44517755c039094,f,f,t,t,f,t,t,f,0.0,0.0,3.0
83a89e83f7fb9e640122776125eff857,f,,f,,f,,,,,,
82c141213a3cfd96f793310ebd3ca29a,f,f,t,t,t,t,t,f,75.0,0.0,4.0
82aab9bf3a0093a99fca2bf9ad6a03f3,f,t,t,t,f,f,f,f,40.0,4.0,1.0
8244fe2f0e2ce8eb276d8ff0bfca7880,f,f,t,f,f,f,t,f,0.0,0.0,1.0
82327838c9441165bdc2ee277e69e35a,f,f,t,t,f,f,t,f,,0.0,1.0
8216c50eb784c52fe30722f10e982488,f,f,t,t,f,t,f,f,33.0,0.0,4.0
8215ea03ccc7f5ebee5c54a2ab07d66e,f,f,t,t,t,t,t,f,80.0,0.0,8.0
81d5fa447fb110bfdc860b0ad2a82fbd,t,t,t,t,t,t,t,f,71.0,2.0,5.0
815c2ca04a5df83167613017faca21f6,f,f,f,t,t,f,t,f,100.0,0.0,2.0
81136b43541035e3735afb0b4e98ca38,f,,f,,f,,,,,,
80f8f5c0f9c62a28960c63d35d7264f6,f,f,t,f,f,f,t,f,0.0,0.0,1.0
80d00293de36e894bbd4e4cb46dddd84,f,f,t,t,f,f,t,f,0.0,0.0,2.0
80c8cf6bd3a9b8930647006cad3c3493,f,f,t,f,f,f,t,f,,0.0,1.0
80b9b1006c19845529cc071cfc26a112,f,f,t,t,f,f,t,f,0.0,0.0,1.0
809d16526a077c4c6a82030cce1e3b99,f,f,t,t,t,t,t,f,80.0,0.0,22.0
806d35e73b31ad3293b8aaa7eb43d572,f,f,t,f,f,f,t,f,50.0,0.0,2.0
7fd5d524fff5e92c2ec005001d24edf2,f,t,t,t,f,f,f,f,36.0,4.0,2.0
7fa8a5d42a2b00e2f1eda03ff24da510,f,f,t,t,t,t,f,f,100.0,0.0,8.0
7f689964db758e736dd4b16ce490bc36,f,t,t,t,f,f,f,f,0.0,2.0,0.0
7ef3a14251c426b731d774865334eaff,f,,f,,f,,,,,,
7eaccb567543d22dcb4fc39fad51fac0,t,t,t,t,t,t,t,f,66.0,2.0,3.0
7e903110af6ff89f9717646a2155fa26,f,f,f,f,f,f,t,f,50.0,0.0,2.0
7e840bff9d47b150db9297ca577e8fd0,f,f,t,t,f,t,t,f,60.0,0.0,15.0
7e4595755de1a980533ff813675be6ac,f,f,f,t,t,f,t,f,100.0,0.0,2.0
7d933935f120ab2e47ba373ab6eb6b46,f,t,t,t,f,t,t,f,50.0,4.0,3.0
7d83d85940bf8be714c676562ef90f3c,f,,f,,f,,,,,,
7d62fc4f362637fda2b1b3bddbd851b6,t,t,t,t,t,t,t,f,63.0,4.0,5.0
7d1977d32611be9cb187521952f8836a,f,f,t,t,t,t,t,f,100.0,0.0,3.0
7cefc25e46602f3daaa6da15854135fa,f,t,t,t,f,t,t,f,40.0,4.0,3.0
7cc841226f2d6335994e92707c1ec118,f,f,t,t,f,f,t,f,,0.0,2.0
7cb7e9d9d0beee8128a484a8e2a4564e,f,f,t,f,f,f,f,f,0.0,0.0,2.0
7c29493daaf99227bee4a85a07ab6102,f,f,t,t,f,f,t,f,,0.0,2.0
7c23333ef91890a85a57b4114eb49ae5,f,f,f,f,f,f,f,f,50.0,0.0,2.0
7c0a79e1a73927862d69960f6fdfecb3,f,f,t,t,t,t,t,f,100.0,0.0,3.0
7b6bcb053eab3410d0926b3bf5ab098a,f,f,t,t,t,t,t,f,100.0,0.0,6.0
7b0d239c99dde162c4fe81e84d3eb40a,f,f,t,t,f,f,t,f,50.0,0.0,2.0
7ab4d58ad578056c71c561341b313df8,f,f,t,t,f,t,t,f,,0.0,6.0
7a9b101da071ce828ffce947e1f18792,f,t,t,t,f,t,t,f,33.0,2.0,3.0
7a94ffb382ee95634688307f82731a50,f,f,t,f,f,f,t,f,0.0,0.0,1.0
7a3d0a87be8acdae9b864db10a75f466,f,t,t,t,f,t,t,f,61.0,6.0,19.0
7a143458eb72e2d77050181ed9cd0eab,f,f,f,f,f,f,f,f,,0.0,1.0
7a10025a5817949dd34f34990dd192ef,f,f,t,t,f,f,t,f,,0.0,1.0
79d067850323da5f153ae6b65688f418,f,f,t,t,f,t,t,f,52.0,0.0,23.0
79c75bf909681b23cc09921cfc4673f2,f,t,t,t,t,f,f,f,100.0,2.0,0.0
78667e4dd86b0b9738ab9b51f9392a41,f,,f,,f,,,,,,
78019dcb2765c941d35f2961cea04de6,f,f,f,f,f,f,t,f,,0.0,1.0
77f5658cdf4dcb72305bec92f27e7796,f,f,t,t,f,t,t,f,16.0,0.0,5.0
77ef94ed3276bc51ec81a1a62cadd7cc,f,f,t,f,f,t,t,f,,0.0,4.0
77599993edc01912e3b1f63cbbacc537,f,,f,,f,,,,,,
775278bdd0ce4cfa78206f613003b8b5,f,f,t,t,f,f,t,f,,0.0,1.0
76792f47ea845ee09c35fe7e2f38cffc,f,f,t,f,f,f,t,f,0.0,0.0,1.0
767200f290411044dfa81613838f5476,f,,f,,f,,,,,,
762a1ba6e1d28d5d18a33e8ca733953e,f,f,f,t,t,t,t,f,100.0,0.0,3.0
75eec87808e455a0b8c51acd53734211,f,f,f,f,f,f,f,f,,0.0,1.0
75cba537a69e089fd9cc48e8bd18908f,f,f,t,t,f,t,t,f,58.0,0.0,15.0
75c541322197687abaec38941efd145f,f,f,t,t,f,t,t,f,,0.0,6.0
7539c49579cd06b95bd784a23f1a9a8d,f,f,t,t,t,t,f,f,88.0,0.0,10.0
7529d5eb8ecd46890f4dfc5f65dc4a61,f,t,t,t,f,t,t,t,58.0,3.0,35.0
74feaa5ad1bb2e6805900077c9437214,f,f,t,t,f,t,t,f,42.0,0.0,19.0
74bb36b7b8319c4af033be7179f89208,f,t,t,t,f,t,t,f,50.0,1.0,8.0
746e8bad57a0ff6ea0886da2272526d3,f,f,t,t,t,t,t,f,75.0,0.0,4.0
73e2a859e9d9c395ac367246d630c073,f,f,t,t,f,t,t,f,33.0,0.0,5.0
73bf8649806cc842890486f953f729ba,f,t,f,t,t,f,f,f,100.0,1.0,1.0
73aab34c967d3a1994db7ecd69a5c270,f,f,t,t,t,t,f,f,80.0,0.0,5.0
73a966e582963a6db10d92e2b87afecc,f,f,t,t,f,f,t,f,,0.0,1.0
734e5af23f51b89da19387f8434961ec,f,t,t,t,f,f,t,f,40.0,4.0,2.0
73003cfc9720615648f6564ece994e47,f,f,t,t,f,t,f,f,0.0,0.0,4.0
72e61d8767a45b631404adf30eb3e82f,f,f,f,f,t,f,f,f,100.0,0.0,1.0
72de4b708f7e5a02b48b42588ed7483f,f,f,t,t,f,t,t,f,55.0,0.0,50.0
72b3945f5a11022b591d9bb6f46e0c9c,f,f,t,f,f,t,t,f,40.0,0.0,6.0
72a4a235436de0d6f4ae61c7f313b5fa,f,f,f,f,f,f,f,f,0.0,0.0,1.0
728ea1123ce878a37c3514701c287b48,f,t,t,t,f,f,t,f,50.0,1.0,1.0
727cf488e911439a59ae3b16c15a0c59,f,f,t,f,f,f,t,f,50.0,0.0,2.0
72711bc1cc48ef73bc9222b0d00e8f1d,f,f,f,t,f,t,f,f,0.0,0.0,3.0
71fceb383d87163cd9606a5730afebe2,f,f,t,f,f,f,t,f,50.0,0.0,2.0
71f7a0905708bcf69e9c8b0a7e15662c,f,t,t,t,f,t,f,f,40.0,1.0,21.0
71ca8e535e1016dd398bae53d7ff626e,f,f,t,f,f,f,t,f,0.0,0.0,1.0
715462306fc26b7e7da36bfcaff93f8f,f,f,t,f,f,f,t,f,,0.0,1.0
70ed119d7f2f003a90aff4ea62781175,f,t,t,t,f,t,f,f,53.0,7.0,8.0
70c59ddad6e4fc184103c479e8e3a8df,f,f,t,f,f,t,t,f,,0.0,3.0
70a322b7de23dfb5e4404301fb342265,f,,f,,f,,,,,,
70947de334456d68f89879d24269367b,f,f,f,f,t,f,t,f,100.0,0.0,1.0
70766760da3e4090aa41c2ae60de786b,f,f,f,f,t,f,f,f,100.0,0.0,2.0
701cb2802c9bfd710f42fc70f92fa3f3,f,f,t,t,t,t,f,f,100.0,0.0,5.0
6fd55ad36a4305028d55ea7bc8ed6910,f,t,t,t,f,t,t,f,60.0,2.0,4.0
6f4b82f3d23d1cf9dfd2bb10edc6b4f3,f,f,t,f,t,f,t,f,100.0,0.0,2.0
6f297777287fb4785f427a6944193634,f,,f,,f,,,,,,
6efea69b327f8c8e2cdbe0b8010e1bdc,f,f,f,f,f,f,f,f,,0.0,1.0
6eda0428d24ed49ee1d8e7b461da3470,f,t,f,f,t,f,f,f,100.0,1.0,1.0
6eb6c7b1fcf69a7866979ef43a0a21de,f,,f,,f,,,,,,
6e3518c85097d9c6fb17fa1184a6eb7a,f,f,t,t,f,t,t,f,14.0,0.0,4.0
6de40dd5fc6402eae6b26e37a04ae82a,f,f,t,t,t,f,t,f,100.0,0.0,2.0
6dbe64e97baeea942dc86f218a8a155a,f,t,t,t,f,t,t,f,56.0,1.0,40.0
6d05101d8917e85a595e00c4f18c67b0,f,f,f,t,t,t,f,f,75.0,0.0,7.0
6cf25dd7a7508e08665a05861d2c676e,f,f,t,f,f,f,t,f,0.0,0.0,1.0
6c6e403eb83252c2fd07cdd475ca6da6,f,f,f,f,f,f,t,f,,0.0,1.0
6c567be9294450187e65ef4e82b18c8f,f,f,t,t,t,f,t,f,100.0,0.0,1.0
6c46649d388ad6f0ccf6fbab63479bf4,f,f,f,f,f,f,t,f,,0.0,2.0
6c42e1d6e848c20a1af541c283424664,f,f,t,t,f,t,t,f,20.0,0.0,5.0
6bfa9d1495fb2b8d9938bd23effe5f87,f,f,t,t,f,f,t,f,,0.0,2.0
6b82cca4c941218696de6519a45b5a45,f,f,t,t,f,f,t,f,,0.0,1.0
6b41cf2f5bf210aa46bc8ae913ff243d,f,f,t,t,f,t,t,f,40.0,0.0,3.0
6b315a59cf10cd4cfbc0b872a4d43383,f,f,t,f,f,f,t,f,0.0,0.0,1.0
6af4eefdc65871b3f7c604c429b95762,f,,f,,f,,,,,,
6aab14e1c2563767b7386d4c7f037f75,f,f,t,f,f,f,t,f,0.0,0.0,1.0
6a84ba618fcbafb58d89f9097d82ac76,f,t,f,t,f,t,t,f,50.0,3.0,8.0
69e24fe480985dd299595d00d8effdda,f,f,t,t,t,f,t,f,66.0,0.0,2.0
69b5cff8990c3a409b601902876f5c7b,f,f,t,f,f,f,t,f,,0.0,2.0
69a2afa9e5c9755d9a7c7ad332aacc25,f,f,t,t,f,t,t,f,12.0,0.0,5.0
691a0e59e9eb86833a72bad6acaa4875,f,f,t,t,t,t,f,f,80.0,0.0,5.0
69074bfb6e9d7c06e56274218c9c850f,f,f,t,t,t,f,t,f,100.0,0.0,1.0
68ce782c3457256e3f714e3686563bba,f,f,f,t,f,t,t,f,50.0,0.0,6.0
68a165417adc0a69ee44b546ff2e7793,t,t,t,t,t,t,t,f,75.0,2.0,10.0
6882ba3d56c869a9e9b294a1d33c1004,f,f,t,t,f,f,t,f,50.0,0.0,2.0
6850c567529b4984a586181b917e0fd4,f,t,t,t,f,t,t,f,60.0,3.0,3.0
6849e241ec8e801f728c92a0b9d9d13b,f,f,t,t,t,t,t,f,100.0,0.0,6.0
6737ce1415d231d81b61ab14c4cd10fc,t,t,t,t,t,t,t,f,71.0,1.0,6.0
6707cff8e6c4b998ef33be7f09177567,f,f,f,t,t,t,t,f,66.0,0.0,4.0
66fdc5597af85d88b5a18e0f1e6397de,t,t,t,t,t,t,t,f,66.0,6.0,6.0
66e554a07540ed618ae8d29c094a824f,t,t,t,t,t,t,f,f,62.0,3.0,7.0
66df24ed1579877354363262b7ef590f,f,f,t,f,f,t,t,f,0.0,0.0,8.0
66259b44e2d47123d50db947b37a7b39,f,f,t,f,f,t,t,f,0.0,0.0,7.0
65b065cb10a4e17ddaa0ea478865d67a,f,,f,,f,,,,,,
65ad0db14148d9c0260d495a2ecaceb7,t,t,t,t,t,t,f,f,76.0,2.0,9.0
6592ee381d52d1f303400ebb5f046181,f,,f,,f,,,,,,
64ee601e985edf2e144fa9e38e619cea,f,f,t,t,t,t,t,f,66.0,0.0,3.0
64eb66ada0cdfa51763da792fb11e6bc,f,,f,,f,,,,,,
64e6415243aeeaee51ca39c0c8482e26,f,t,t,t,f,t,t,f,0.0,1.0,4.0
6485737e06c44d3904768fb37533ee35,f,f,t,f,t,t,t,f,66.0,0.0,5.0
64842df2f114a1c014f89c01c52851c3,f,f,t,t,f,t,f,f,50.0,0.0,4.0
645b3417559f5cfd9966a3a6f9f19169,f,f,t,t,f,t,t,f,,0.0,3.0
6448db4a1ba9f342c506edec82f9bbca,f,f,f,t,f,f,f,f,0.0,0.0,2.0
6440c91b07e7ed35032e528ea98e58fc,f,f,t,t,f,f,t,f,50.0,0.0,2.0
637503899e73e99d0431e42af5c2b2d5,f,t,f,t,t,f,f,f,66.0,10.0,0.0
634f5a14838243b5d062c35ea7b78628,f,,f,,f,,,,,,
630a2b5f89f2ce81d43f6c1a588d6837,f,t,t,t,t,f,f,f,100.0,1.0,0.0
62faf3484ad6a036ee01f8e476c47713,f,f,t,f,f,f,t,f,,0.0,2.0
62f931a7e9cae00fdbcd501140dedc27,f,,f,,f,,,,,,
62f1bea24327aecea0745dd696af5342,f,t,t,t,f,f,t,f,57.0,5.0,2.0
62d13b584ab1153194896c7e2126f31f,f,f,t,t,f,t,f,f,50.0,0.0,4.0
62c93d9f1f3bfec4785892b5111467df,f,f,f,f,f,f,t,f,,0.0,1.0
625e4db246415fe092325a3b64a46abc,f,f,t,f,f,f,t,f,0.0,0.0,1.0
620ddc22440f1371efbca79910725f47,f,f,t,t,t,t,t,f,66.0,0.0,4.0
618ee24d7c65c9b72b44946ba383a966,t,t,t,t,t,f,t,f,66.0,2.0,1.0
61400ef357065b35245ac822b1abe556,f,f,t,t,f,t,t,f,52.0,0.0,23.0
61231c07e1e4e861a615c7e6e8f3763f,f,f,t,t,f,t,t,f,0.0,0.0,4.0
6110dbcdfe7390f67a10baa3632d6634,t,t,t,t,t,t,t,f,85.0,1.0,15.0
60e3d391832ec2d96cede9a5ca49ec6c,f,f,t,t,f,f,t,f,,0.0,1.0
60c0f05f3f5ce6398df1184985e0b944,f,f,t,f,t,f,t,f,100.0,0.0,1.0
60afcafc140744c2afe2962023f7b23b,f,f,t,t,f,t,t,f,57.0,0.0,7.0
60a930713a8c41b325acb01636982b8d,f,f,t,t,f,f,t,f,0.0,0.0,1.0
603648710c9f1ab130f55a3ba789dca1,f,f,t,t,f,t,t,f,33.0,0.0,4.0
5fcea135fa37dc423322c3635c23082c,f,f,t,f,f,f,t,f,,0.0,2.0
5fc8308ed21533c98e7f95d50957fa4d,f,f,t,t,f,t,t,f,,0.0,5.0
5f967d2c7fbb739cbbefad6936aaeaa3,f,,f,,f,,,,,,
5f8cd659919229ac799876d2d7661ae5,f,t,t,t,f,f,f,f,57.0,6.0,1.0
5f862f06d6043206e205805b86eedddc,f,t,t,t,f,t,t,f,40.0,4.0,4.0
5ea757346a161e221cb416bd22f5092b,f,f,f,f,f,f,f,f,50.0,0.0,2.0
5e97b64e9e08ec27c2736b4d34a74a0a,f,f,f,f,t,f,f,f,100.0,0.0,1.0
5e7832f4b49cf23790a92c925a236927,f,f,t,t,f,t,t,f,50.0,0.0,3.0
5e563a304db78240711b82272291f887,f,f,t,t,f,t,t,f,,0.0,5.0
5e498397574f7a067589581035ae9700,f,f,t,t,f,f,t,f,0.0,0.0,2.0
5e1da3a7c4f57373d2a958f454ec03fa,f,f,t,f,t,f,t,f,100.0,0.0,1.0
5dcfad7c804854a9c22744a25eab0077,f,f,t,f,t,t,f,f,66.0,0.0,3.0
5ce018c850f2e38d2d25784ade57654f,f,t,t,t,f,f,f,f,33.0,5.0,2.0
5c3b8937c6a40138a2d31b8e404af067,f,f,t,t,t,t,t,f,100.0,0.0,4.0
5c22978ff3e6ebd2f9a8d08dd7b74907,f,f,f,t,t,t,f,f,66.0,0.0,3.0
5b7b33d9df579fbdb887cf18a5ce3fdc,f,,f,,f,,,,,,
5b45ecb050404add87286599205d9104,f,f,t,t,f,f,f,f,20.0,0.0,2.0
5b2135204530aa841ef220400e44657a,f,t,t,t,f,f,t,f,50.0,1.0,1.0
5ac6f7432f16ec062cb7b65e73141d77,f,f,t,t,f,f,t,f,50.0,0.0,2.0
5a692e0449e8657006ec917cc5ce08f2,f,,f,,f,,,,,,
59fa44d365640bc718bef14114a0ac93,f,f,t,t,f,t,t,f,33.0,0.0,4.0
59d7ea47e8fbc27ba1b899e766da096b,f,t,t,t,f,t,f,f,36.0,1.0,18.0
59c6aab43c7121ede99358a92c806f8a,f,f,f,t,f,t,f,f,50.0,0.0,3.0
59af2eeecd45912cd67bbff6eff197ae,f,f,t,f,f,f,t,f,0.0,0.0,2.0
59aac262c48394e8ea6a83fc73ce0f1f,t,t,t,t,t,t,t,f,66.0,1.0,4.0
593a643004bfdcc1adfd2bdcecd689ce,f,f,t,f,f,f,t,f,0.0,0.0,2.0
589d04cdb64ef44cbe83edd99c20e622,f,t,t,f,f,f,t,f,,1.0,2.0
587d00830a85f52bce4564159c89a230,f,f,f,f,f,f,f,f,,0.0,1.0
58369e869655c4c49ed8a885d4d34494,f,,f,,f,,,,,,
582fda90ecd5f0e2b8448b85a88919c9,f,f,f,f,t,f,f,f,100.0,0.0,1.0
5829f0eef32ab5fdeb7e3c6d81f1664d,f,,f,,f,,,,,,
57f2d14ad53529472f3aafef9ade2012,f,f,f,f,f,f,f,f,,0.0,1.0
57f063534cfca295eca0fd35be224bd4,f,,f,,f,,,,,,
57c90b9439aab591b8fe9d4820bb5a0b,f,,f,,f,,,,,,
57c372aa1017c0d30a373a8a3da4ce0c,f,f,t,f,t,t,t,f,100.0,0.0,6.0
57aa84d1168ab5dcf98e4abe65b7e48a,f,,f,,f,,,,,,
574bb898876d56a7b740d2b778e0d3a6,f,f,t,f,f,f,t,f,,0.0,1.0
56e11b84da7a8652598c824e6dc53766,f,f,t,t,f,t,t,f,,0.0,5.0
56caf141e3da1cb662fa9e3462218c2a,f,,f,,f,,,,,,
55d7fa7ba15941b3dc675de8b28b002a,f,f,t,t,f,f,t,f,,0.0,1.0
55c0b80f2c118991ab12827b5f293354,f,f,t,t,t,t,t,f,100.0,0.0,6.0
55af915a7d4a6164738d906af93cc364,f,,f,,f,,,,,,
55acc3977dd795eb0e67807bcb692fc2,f,f,t,t,t,t,t,f,66.0,0.0,4.0
557f75596945a9d1ce991bf00a68ca28,f,t,t,t,f,f,t,f,60.0,6.0,1.0
554bb1e54ba0e51ad25f919b31e144f0,f,,f,,f,,,,,,
551d43f6735419cc8137ec78a8dc255a,f,f,t,f,f,f,t,f,,0.0,2.0
54e2a52136201ac084da9f1528f27573,f,t,t,t,f,t,t,f,20.0,1.0,4.0
540430ee27cbfd92c5f65a47905411f4,f,f,t,t,f,t,t,f,50.0,0.0,4.0
53a6a0dc974855f8e1f2982a99bf62a0,f,f,t,f,t,t,t,f,66.0,0.0,3.0
53798475e0404640e50c1873bcc4ecbc,f,,f,,f,,,,,,
531770b531b03fb51e1968bb58568bff,f,f,t,f,f,f,f,f,,0.0,2.0
525d707da63624fc226b4ced12880715,f,f,t,t,f,f,f,f,,0.0,1.0
5225076edc83b236891be1aa495a422f,f,,f,,f,,,,,,
51e08b41832031ddd49092e02bcf81bb,f,f,f,f,f,f,f,f,0.0,0.0,1.0
51a46b1dcc37d953bff265bfbd8d03cd,f,f,t,t,f,f,t,f,,0.0,1.0
518428255197232d9f346a7a6b5e9563,f,f,t,t,f,f,t,f,50.0,0.0,2.0
50f4377dfe0514261a2b325b07c1017d,f,t,t,t,f,t,f,f,52.0,12.0,4.0
50767f3a0265495c332d852b2dc004ea,f,t,t,t,f,t,t,f,58.0,7.0,7.0
4fdec77b00b9bed46786a9c413e3e792,f,f,t,t,f,t,f,f,50.0,0.0,23.0
4fb31ad1e68c70746b4b98033e287dbf,f,,f,,f,,,,,,
4f7009b0069f333832cd50740d830cd7,f,t,t,t,f,t,t,f,60.0,2.0,5.0
4f4b79bbfd9df5c89fd68ab58bba8b52,f,t,t,t,f,t,t,f,53.0,10.0,10.0
4ef0ad4cad2a4898dc2a8f0fb2d0035a,f,f,t,f,f,f,t,f,0.0,0.0,2.0
4eb0498a40877ce7a42099c68d2c8626,f,f,f,f,t,f,f,f,100.0,0.0,1.0
4ea80e79ec7a8b9cbb91f1fc287cb4a2,f,f,t,t,t,t,t,f,83.0,0.0,7.0
4e650be663331c1db5acef81fa77046d,f,f,t,t,f,f,t,f,,0.0,1.0
4e1faa66666187a1b0705bcb6798aab5,f,t,t,t,f,t,f,f,31.0,3.0,31.0
4ded8536aa2e831589c120af73d22abd,f,f,t,t,f,t,f,f,60.0,0.0,5.0
4db5b8b810b0dcc931735d95e722fbf1,f,f,t,t,f,t,t,f,33.0,0.0,4.0
4cc0b8566c7a3da72a8598195b61b85a,f,f,t,t,t,f,t,f,100.0,0.0,1.0
4c4e60812ef89cbb429cfd2748f6c3fc,f,f,t,t,f,t,t,f,28.0,0.0,4.0
4bf8f40fb1c1ee02bcd7f0c7b1714424,f,f,t,t,f,f,t,f,,0.0,1.0
4bf416ef56717b217ba9e96e2e2fad1a,f,,f,,f,,,,,,
4ae5a8e315575cbcf10fe5de5ccb45bb,f,f,t,f,f,f,t,f,0.0,0.0,2.0
4abe5311765fa6abf311c23288b3af5b,f,,f,,f,,,,,,
4a92b5cd6d351a1a56fffb096e378ccf,f,,f,,f,,,,,,
4a889ab8a4e60c7205353d97f7269bad,f,,f,,f,,,,,,
4a4a5120ed7ed08a142bbb1a5df1a036,f,t,t,t,f,t,t,f,25.0,2.0,3.0
49b551567907633776febe933ec2369e,f,f,t,t,f,f,t,f,50.0,0.0,2.0
4981500d6f4057111bbd543b29aec548,f,f,t,f,f,f,f,f,,0.0,1.0
4953895ca465059555c2d84e583d198a,f,f,t,t,f,f,t,f,50.0,0.0,2.0
49389369b56a685a50f0b61907c1c6cb,f,f,t,t,f,t,t,f,20.0,0.0,4.0
48d9e33af2a5871db2861273d2484916,t,t,t,t,t,t,t,f,66.0,1.0,4.0
48a094b6210cc046199dc06594310376,f,t,f,t,f,f,f,f,50.0,3.0,1.0
48950838a0725bce67bf71ca350ee9d3,f,f,t,f,f,f,t,f,,0.0,1.0
4892b1af8643700c8cdd15879310be44,f,f,f,f,f,f,t,f,,0.0,1.0
4794910eeb897573d68ad420bfee88c9,f,f,f,f,f,t,f,f,33.0,0.0,3.0
474e080e4faaa207081a2d1152c3fa44,f,t,t,t,t,f,f,f,100.0,8.0,1.0
4707745649dbb9ce2fa9151e7a762289,f,f,t,t,f,f,t,f,,0.0,1.0
46d7890a764dd9c175a8fa04c394e34c,f,t,t,t,f,t,t,f,40.0,1.0,15.0
469937fbe1fb211e806e29eb7f49ead4,f,t,t,t,f,t,t,f,40.0,2.0,3.0
46199826e1b283ba08eb28abdd801509,f,f,t,t,t,t,t,f,66.0,0.0,8.0
460f77ee6f8cef6641256a76ab802f5a,f,f,f,f,t,f,f,f,100.0,0.0,1.0
45b2840bb801569736f0a505ab6e5e75,f,t,t,t,f,t,f,f,50.0,2.0,4.0
45974e98a3009e4d6f0e89836da2cc66,f,f,t,f,f,f,t,f,0.0,0.0,1.0
455bd1fb1cd83bc066721b0ac53caf26,f,t,t,t,f,f,f,f,36.0,8.0,1.0
4501c76088139ef84e3badfee1f25f75,f,f,t,t,f,t,t,f,40.0,0.0,20.0
44b8f7e7994837f7341f28d3bf382879,f,f,f,t,t,f,f,f,100.0,0.0,1.0
44711231fa351af13bb95a40fd22f2de,f,f,t,t,f,f,t,f,,0.0,2.0
44585be1b0db40c6d27e063be8026305,f,f,f,f,f,f,t,f,0.0,0.0,2.0
4421e78379a549d00662dffb2e7c2dd0,f,t,f,t,t,t,t,f,66.0,1.0,3.0
441c60e18e8ece300f33179bc4cb16bc,f,t,t,t,f,t,t,f,50.0,1.0,3.0
440f08f43d4334acc02e907f73082c27,f,f,t,f,t,t,t,f,66.0,0.0,3.0
437f9809c6f69dadb49c7d507e8e6157,f,f,t,t,f,f,t,f,0.0,0.0,1.0
42d585581233f6991ff814c645c790cb,f,f,t,t,t,t,t,f,100.0,0.0,8.0
428aabccaec0a1b4f4c5dcc4c99c6f44,f,,f,,f,,,,,,
422c2856855c3ae6fa35618a41e5faa2,f,f,t,f,f,f,t,f,,0.0,2.0
417d8e0bdf31963002b540c9e7de1e2b,f,,f,,f,,,,,,
41343d3e0b10e900e2cc44616577a124,f,,f,,f,,,,,,
41144df3a6f14c080470066be7089f6a,f,f,t,t,f,f,t,f,50.0,0.0,2.0
40f6859a9479377a08d8a00ec1ede120,f,f,t,f,t,f,t,f,100.0,0.0,1.0
40af24067d52e8b08782b2a296c0a237,f,t,t,t,f,t,t,f,50.0,1.0,11.0
407fc51369924dafe64fa58dc17ede7f,f,f,f,f,f,f,f,f,,0.0,1.0
405e629fbd3d0a71f5bb788b4fe850b6,t,t,t,t,t,t,t,f,66.0,1.0,5.0
400606b4ade10ccac1da5048e69c2841,f,f,t,f,f,t,t,f,33.0,0.0,4.0
3ff2269010cd1af6e3886ee3e57d0e36,f,f,t,t,t,t,t,f,66.0,0.0,4.0
3fd99594ae4233f6d6012aa3aa044ee7,f,,f,,f,,,,,,
3fd610bbb59749ad96935f640fec3436,f,f,f,f,f,f,f,f,0.0,0.0,1.0
3eb445161d039d1788858c2c46ea2231,f,f,f,t,f,f,t,f,50.0,0.0,2.0
3e8e8de55318d0f4d21bd4b36ded600f,f,f,t,t,t,t,t,f,66.0,0.0,16.0
3e2b1edda5126a5e5d7db1f277fe728c,f,f,t,t,t,t,t,f,100.0,0.0,7.0
3df03fad6c8649a722884dffe38c5b44,f,f,f,f,f,t,f,f,20.0,0.0,7.0
3d61e16e09ce0800a8d414d6e35d7881,f,t,t,t,f,f,f,f,46.0,8.0,0.0
3cf7029d872f27d62f51cefb77c44429,f,f,t,t,f,t,t,f,,0.0,4.0
3cf3b143dd2e682febc72c20a7e84c33,f,f,t,t,t,t,t,f,66.0,0.0,4.0
3cdbf1051a67f0c582aa5ec4a5fc3547,f,f,t,t,t,f,t,t,100.0,0.0,2.0
3ca8d948ec46c59c9a9b71d05d7904c1,f,f,t,t,f,t,t,f,50.0,0.0,3.0
3c54129be98348fd6adc4e77d27a1bfa,f,f,f,f,t,f,f,f,100.0,0.0,1.0
3bb17ffbbcdd2d268ddebe170983a8a1,f,f,t,t,f,t,t,f,50.0,0.0,9.0
3ba45ad97844c4d7df414a1477d64a93,f,t,t,t,f,t,t,f,40.0,1.0,9.0
3b79f504fc29824edb79164d61bff79c,f,f,t,t,f,f,t,f,,0.0,1.0
3b67b12d2f44258248276502b287b28d,f,t,t,t,f,f,t,f,50.0,5.0,2.0
3b2a190fd0f94a544f5aed6122c72dbe,f,f,t,f,t,t,t,f,100.0,0.0,4.0
3b2428cf2cf27f66f00355790906613e,f,,f,,f,,,,,,
3acb3cce0354b2479da648082227268e,f,f,t,t,t,f,t,f,100.0,0.0,2.0
3a7e59dc1c18de720b243093620990e4,f,f,t,t,f,f,t,f,0.0,0.0,1.0
3a2dfa4630506bb4210316fd7b23bf6b,f,f,f,f,t,f,f,f,100.0,0.0,1.0
3953b8a41a8d2166f9df12005226875e,t,t,t,t,t,t,t,f,77.0,4.0,8.0
394d603097fc9d0a96b052b341230eb1,f,f,t,t,t,t,t,f,75.0,0.0,5.0
39456f0d07caeae95f70dd77a2f08dc7,f,f,t,t,t,f,t,f,66.0,0.0,2.0
39162907d25e8234c31781552eb0f989,f,f,t,t,t,t,t,f,66.0,0.0,8.0
39144b8e5a32c1fd5c6372269e2567d4,f,,f,,f,,,,,,
38efd2df422d2881a01b011c60c44115,f,f,t,t,f,f,t,f,,0.0,2.0
38a9386226ea467c9ce4e3016f6cb940,f,f,f,f,f,f,f,f,0.0,0.0,1.0
3823f66b4e3a682f92c85a04b494a26c,f,,f,,f,,,,,,
37a36b62a3daf3da38e2efbb70f56e6a,f,f,f,f,f,f,f,f,,0.0,1.0
37911799d4852ec42ffb2b83c68daed9,f,f,t,t,f,t,f,f,,0.0,3.0
376b9588e40ea249edf293da3930bd18,f,f,t,t,t,t,t,f,100.0,0.0,4.0
36cbfd6bf9161a4e994ffbaef1968bfd,f,,f,,f,,,,,,
36c693e755c427ec042611afe21f2cd9,f,f,t,t,t,t,t,f,66.0,0.0,13.0
36be4c45c7920e52ed88c4cc31b7bd0d,f,f,t,t,f,t,t,f,50.0,0.0,5.0
35f38a7b09ae0dc5e2e7849a275d67de,f,t,t,t,f,t,t,f,33.0,2.0,4.0
35c5eca6017da46c3720169b1d9e38c4,f,f,f,f,f,f,f,f,0.0,0.0,1.0
3597d06d22cbb9f5546b4d0d317d3ec8,f,f,t,f,f,t,t,f,0.0,0.0,3.0
34b47242b05424fc6b16bf0070c2dc35,t,t,t,t,t,f,t,f,100.0,1.0,2.0
3366a06a68d1baeda2a9bfa2107aee3a,f,f,t,t,f,t,f,f,0.0,0.0,10.0
33266a612123198e7b8a1ea9ee0328e1,f,f,t,t,t,t,t,f,66.0,0.0,24.0
331d72e8abbf73a5777472a19fed2ded,f,f,t,t,t,t,t,f,80.0,0.0,5.0
32ff1f41bba4569db8888ec145e1a950,t,t,t,t,t,t,t,f,75.0,1.0,4.0
32eb35c68bd58c9a0a125266778f3c85,t,t,t,t,t,t,f,f,64.0,5.0,8.0
3287c3c8bbc0dd75f097337c30d9a953,f,f,t,f,f,f,t,f,,0.0,2.0
324d2cbfe715420b47bd66f345a5a72e,f,f,f,t,t,f,f,f,100.0,0.0,2.0
3212f7e5eaa16f9908e3effd9b82bfac,f,f,f,f,f,f,f,f,,0.0,1.0
31c6e552d7536e01478d57e5d299b90d,f,f,t,t,f,t,t,f,,0.0,3.0
31642af601fbc925f2009f7f076426fa,t,t,t,t,t,t,f,f,100.0,2.0,14.0
3107014ba4284ce6fcba0c10d2bcc776,f,f,t,f,f,f,t,f,,0.0,2.0
30eae10377a0648e549e4c7ca2a1deff,f,f,t,t,f,f,t,f,,0.0,1.0
30c628cd8a42239da6eb4886a68d10d7,t,t,t,t,t,t,t,f,88.0,1.0,5.0
2f6e15e3ba1f083643dda66173a06b67,f,t,f,t,t,t,f,f,66.0,7.0,5.0
2f19612239938bb6a180802b9d88393f,f,f,t,t,t,t,t,f,66.0,0.0,3.0
2ec6b5ac4275f7641165c064510c12ff,f,f,t,f,f,f,t,f,0.0,0.0,2.0
2e88eaa2c583ca25ff5ca955b79e7da2,f,f,t,t,f,t,t,f,57.0,0.0,7.0
2e856995f2a1b3f3cbe4cbcf95d38b67,f,f,t,t,f,t,t,f,0.0,0.0,3.0
2e3232a6eda0c52849d1f730d7f1d70e,f,f,f,f,f,f,f,f,,0.0,2.0
2df01ef45940b7ccecd30624fabc1063,f,t,t,t,f,f,f,f,25.0,4.0,2.0
2deb42e57376248fb622b5d3006a948a,f,f,f,f,t,f,f,f,100.0,0.0,1.0
2d4cadf56059963020452afe92840746,f,f,t,f,f,f,f,f,0.0,0.0,1.0
2d134c0f935e3d9111d82f40189ad0ba,f,t,t,t,f,f,f,f,55.0,6.0,2.0
2cb6f20ae3392f4850f8200dd74ed60e,f,f,t,t,t,t,f,f,100.0,0.0,3.0
2c5ca7fda33d8d909e4b43159de5b4f7,f,f,t,t,t,t,t,f,85.0,0.0,8.0
2c4f3032b2d6a2586fe6ad60cb326ad0,f,f,t,t,t,t,t,f,100.0,0.0,5.0
2c02c4122131663c0315feccc8c3b4fa,f,f,t,t,t,f,t,t,100.0,0.0,2.0
2bae2da495e8d1c26ae26dce25aa76c3,f,f,t,t,t,t,t,f,80.0,0.0,5.0
2b99cd57c953094a41bf8ed66348e5f1,f,f,t,t,t,f,t,f,100.0,0.0,2.0
2b8a95dbcad3db48e6bf760a55329730,f,f,t,t,f,t,t,f,33.0,0.0,3.0
2b196a680d8075b027a3d312ada394fb,f,f,t,t,t,t,f,f,83.0,0.0,7.0
2b1157513891e017e9acb24d6e6d06f6,f,f,f,f,f,f,f,f,0.0,0.0,1.0
2aba136987419f93e1d7cd3d63be96a4,f,f,t,t,f,f,f,f,,0.0,1.0
2a9b9163cea0c5753ef023fd96ad881a,f,f,f,t,t,t,f,f,100.0,0.0,6.0
2a3ae1465ff9e14341c67e820670bd6c,t,t,t,t,t,t,t,f,82.0,6.0,18.0
2a1bc6a69dee148ae93a89d61b395a65,f,f,t,t,f,f,t,f,50.0,0.0,2.0
29e5bae874e3776906830fc0f0fee782,f,,f,,f,,,,,,
29a7233b6b5a8b66b2fed809b6c6b403,f,f,t,t,t,t,t,t,75.0,0.0,4.0
29a1d0d9a1d1c4f78aad730ead7273c9,f,,f,,f,,,,,,
2948b8b7fc8d4a17813d9652abc220fe,f,f,t,f,f,f,t,f,,0.0,1.0
293df235675e3b86a502c30db83a8fb4,f,f,t,f,f,f,t,f,0.0,0.0,1.0
291cbde86979534333098ebf3246ad1f,f,,f,,f,,,,,,
291ca51e7ba5165886b8a6651cb61b1b,f,f,t,t,t,t,t,f,66.0,0.0,3.0
288b96bb275620ecfeb34f98db17ba04,f,f,t,t,t,t,t,f,66.0,0.0,7.0
282be1b1525c4260ec96319b11d239a6,f,f,t,t,f,f,t,f,50.0,0.0,2.0
280921cc12f1d863f701d9167f0cbc7e,f,f,t,f,f,f,t,f,,0.0,1.0
2777382cf313edc6294da04fe2883c38,f,f,t,f,f,f,t,f,0.0,0.0,1.0
2767f22d7a24a492b254db46504e3ef2,f,f,t,t,t,t,t,f,100.0,0.0,4.0
27094d236164168932babe95eb8fedfb,f,f,t,f,f,f,t,f,0.0,0.0,2.0
270393403a7bbf645e46c551ae38da63,f,f,f,f,f,f,t,f,0.0,0.0,1.0
26fb86e0966a5bcce93353b857bf00d1,f,,f,,f,,,,,,
268fd8d65c19377a2dd84b289e9798df,f,f,t,f,f,t,t,f,,0.0,5.0
266e7c2d6df95578917ffde00479464b,f,f,t,t,t,t,t,f,66.0,0.0,5.0
263064350735a008e34e03a1b247792f,f,t,t,t,f,t,t,f,40.0,3.0,7.0
260d9216061ced999ca57b601495804b,f,f,f,t,f,f,f,f,,0.0,1.0
25ef48e9bdba727693a87ea9703c5dcc,f,t,t,t,f,t,t,f,30.0,9.0,7.0
25d74997c8795a6b0abcfa3caa4dc1e7,f,f,t,t,f,f,t,f,0.0,0.0,1.0
25b7e16cac92dba2b46d5fa4ba4482de,f,,f,,f,,,,,,
25b45bb3472796f97e629255e4e58246,f,t,t,t,f,f,f,f,40.0,4.0,1.0
256c4c0f709652bd601668e21bda636e,f,,f,,f,,,,,,
2543f433163f69cbd51d8b59d99af98d,f,f,t,t,f,f,t,f,50.0,0.0,2.0
24e0167e9e1aedbb5746600694cd020b,f,t,f,t,t,f,f,f,66.0,2.0,1.0
247f5d44e6723a2d30a54c5143108f76,f,f,f,t,f,f,f,f,50.0,0.0,1.0
24150aaa9be163f1c4c0ab1e42e0e3b2,f,f,f,t,f,f,f,f,0.0,0.0,1.0
23f873db17d5e01127868747389a84a8,f,f,f,f,f,f,f,f,,0.0,1.0
2367274339c5dba9db7ece53d5f4bb34,f,f,t,f,f,f,t,f,0.0,0.0,2.0
23470a4077f5254a035e1aea0e6e225e,f,f,t,f,f,f,t,f,0.0,0.0,2.0
226a3db6e07b72ddfa397c1cb90abb80,t,t,t,t,t,f,t,t,66.0,1.0,2.0
223da5d04921b3371929c605311a8b32,f,f,t,f,t,t,t,f,100.0,0.0,4.0
222663ff73298c2a4e2cfc0664fc8d6a,f,f,t,t,f,f,t,f,50.0,0.0,2.0
21f051e49f3eff2a90d10892d18b0383,f,f,t,t,t,f,t,t,100.0,0.0,1.0
2147a5b3ba5ffd14a78637ec1dd721ee,f,f,t,f,f,f,t,f,0.0,0.0,2.0
2109a80f6322498be9bd4ee90568ca30,f,t,t,t,f,f,f,f,25.0,7.0,1.0
209ef52115c7348356b5d2bd0833dbb9,f,,f,,f,,,,,,
20390c95e40fed3a08282bbe902cfe0c,f,f,f,f,t,t,f,f,66.0,0.0,3.0
20221c2e70205a57f09bfc06bd8fab13,f,f,t,t,f,t,t,f,,0.0,3.0
2009d9676186a7da4b50e9c9b71ebd8e,f,f,t,t,t,t,t,f,85.0,0.0,14.0
1fe71bfef9ec6ee0464c31a005ad64f1,f,,f,,f,,,,,,
1fe066b80c95be3d476d721380e8218f,f,f,t,t,t,f,t,f,100.0,0.0,2.0
1fd61ef3d2b323b80765e8636deb2f2b,f,f,t,t,f,t,f,f,25.0,0.0,4.0
1fd3969bbbf98fd07101c75f7f771d4d,f,f,t,f,f,t,t,f,0.0,0.0,4.0
1fd146d606cda8a5afdb023a6e68fba6,f,,f,,f,,,,,,
1fb04f2c57ae9ee5057bc85622047c30,f,t,t,t,f,f,f,f,33.0,2.0,1.0
1f7e8d0d2044eb2a2f8aa1500685f9be,f,f,t,t,t,t,t,f,80.0,0.0,8.0
1f7a3a6cf4b08750ef7ea43b60e573c8,f,,f,,f,,,,,,
1f6f46f84586342cf77c65a608d691c7,f,f,t,f,f,f,t,f,,0.0,2.0
1f3cc9a1af9761db7edc3063563b35db,f,f,t,t,t,t,t,f,100.0,0.0,5.0
1f38639ab881834281152907c42d8379,f,f,f,f,f,f,f,f,0.0,0.0,2.0
1f067527959aa7ad5bbde5b4b528725d,f,f,t,t,t,t,t,f,100.0,0.0,4.0
1ee74a447bba812979ad00f429891444,f,,f,,f,,,,,,
1e948a13973c5918002ecc72ea086600,f,t,t,t,f,t,t,f,61.0,3.0,11.0
1e4eb9894cdfc7b511193a362fcaa120,f,t,t,t,f,f,t,f,25.0,3.0,1.0
1e123779c1b17c997a37869c42428833,f,f,t,f,f,f,t,f,0.0,0.0,2.0
1dd54e29811fc012fccfefeebd7a5de8,f,f,t,t,t,t,t,f,80.0,0.0,6.0
1dcbd1e36787e28402f1aeaec4ec7aed,f,f,t,t,f,t,t,f,20.0,0.0,3.0
1d8e76b9ed6d5e32b9a9baaad963cd2f,f,f,t,t,f,t,f,f,50.0,0.0,6.0
1ce34cb2d4e0cf3aecd920e9a0214cb0,f,f,t,t,f,t,t,f,,0.0,3.0
1c56eed6a99f08b56663c2bad739b250,f,t,t,t,f,f,t,f,40.0,3.0,2.0
1c5231f3d676408f9aee25d910afe27b,f,t,t,t,f,f,t,f,50.0,1.0,2.0
1c4250e82ab5431455c29dd6d0b6ff65,f,,f,,f,,,,,,
1b9d7493ba3ef30b8a15dcbda4bbebad,f,,f,,f,,,,,,
1b6b50f106cf2b85375c847c99bc0040,f,f,t,t,f,f,t,f,,0.0,2.0
1b53c54ca7a7a0edf3030e1c51c648d9,f,f,t,t,f,t,t,f,50.0,0.0,5.0
1b0629fa8436d9819917de28fc3bbc16,f,,f,,f,,,,,,
1af6aa9698883c90dda7d3e164c43e0c,f,f,t,f,f,f,t,f,0.0,0.0,1.0
1aef18a8d54045f00701a992c84e6d51,f,f,t,t,f,t,f,f,50.0,0.0,6.0
1ade7f5606293b95879e234b11b8f37f,f,f,t,t,f,f,t,f,50.0,0.0,2.0
1ad132a9d562f34ffce5ae7b565570e2,f,f,t,f,t,t,t,f,66.0,0.0,4.0
1ac575cea88c72043a37517f35cdb284,f,,f,,f,,,,,,
1a1d027a75413a2526b8c12843c066a4,f,f,t,f,f,t,t,f,,0.0,3.0
1a0623f38e506357707f76e80cf0b8b2,f,,f,,f,,,,,,
19f70b0cf28707ec094d8151d96a6876,f,,f,,f,,,,,,
19cf24b60e25e1e679004ea2c02f3a75,f,t,t,t,f,f,t,f,0.0,2.0,1.0
193f3f8b5bec50e97a0a019948236f56,f,f,t,t,t,t,f,f,62.0,0.0,5.0
192a1ac9b19197dc40d9fd46d82eb6dd,f,f,t,t,f,t,t,f,44.0,0.0,8.0
18eeb1fa8ea19e2350ff701378f158b5,f,,f,,f,,,,,,
189fc6627bc16ea7867a2b2252df68fa,f,f,t,f,f,f,t,f,50.0,0.0,2.0
1899fddffd001ff887a24641a405a982,f,f,t,t,t,f,t,f,100.0,0.0,1.0
1887914693a90cec3946cee6be620a66,f,f,t,f,f,f,t,f,0.0,0.0,1.0
187c7f29ea4995de9b060fd400ad3a00,f,,f,,f,,,,,,
18548f6cf19629ea1197de911a2b2778,f,f,f,f,f,f,f,f,,0.0,1.0
1807f499f33c15d6c9197d16bc3297d3,f,f,t,f,f,f,t,f,0.0,0.0,1.0
17fc23bf99b2d9efe2f5bfa595a6fdf3,f,f,t,t,f,t,t,f,33.0,0.0,3.0
17dfe62e3d9ea198c86aa8b3304ef2d1,f,t,t,t,f,f,t,f,50.0,2.0,2.0
17bfd70b7d89151c3436339132b63014,t,t,t,t,t,t,t,f,100.0,2.0,4.0
175d5d61a376b048663229f2959dedbf,f,f,t,t,t,t,t,f,100.0,0.0,4.0
16fb67e38fba73c6094113b0e638e5df,f,t,t,t,f,f,f,f,22.0,6.0,0.0
16da1a1f751b66d38bab5034d01b40e1,f,f,t,t,t,t,f,f,82.0,0.0,42.0
168a2197ee5138879c3d121ac4ffcaa0,f,f,t,t,f,f,f,f,,0.0,1.0
168067689fd2ae76a8dc7b4833b68f4a,f,t,t,t,f,t,t,f,40.0,2.0,10.0
15de2d3505fa0d5e9ee2a8852c23a000,f,t,t,t,f,t,f,f,33.0,2.0,3.0
15382af0667002ea05ded767422beb49,f,f,t,t,t,f,f,f,100.0,0.0,1.0
14e5a131d86e25440e0da3733e569cdd,f,f,t,t,f,f,t,f,,0.0,1.0
14aff49e41e1207bb4657b108464bf78,f,f,t,t,f,t,t,f,42.0,0.0,7.0
1498f05ac8e3b7003a5efa12f061b578,f,f,t,f,f,f,t,f,0.0,0.0,1.0
144e923aacfc7e24537eab4314c3e786,f,,f,,f,,,,,,
1445795b8cce06be69ee2d878bce9db2,t,t,t,t,t,t,t,f,66.0,4.0,15.0
143b5186f8f2b9cc853631f2bb117712,f,f,t,t,f,t,t,f,33.0,0.0,4.0
13fccad273dd0f39e19d586502527943,f,f,t,t,t,t,t,f,71.0,0.0,6.0
13c1b17374b76bab7a529ad81e576ee0,f,f,t,t,t,t,t,f,66.0,0.0,16.0
12efc764231c7c5afc145ba7dd3789c8,f,f,t,f,f,t,t,f,0.0,0.0,3.0
1298efc7e7170e0c0cf8639f4ae890a9,f,t,f,t,f,f,f,f,33.0,2.0,2.0
12344d4d4b1686a096d47bfebce80d78,f,f,f,t,t,f,f,f,100.0,0.0,2.0
11f27e550b1046b0d0e5d02b9ca27f08,f,f,t,f,f,f,t,f,0.0,0.0,1.0
117cb4e880f8883e4e517c53ffbd1ef5,f,t,t,t,f,t,f,f,55.0,3.0,7.0
112e365483b6f729341e92de20f4549f,f,f,f,f,t,f,f,f,100.0,0.0,1.0
10e7790c6606fee5d65093550d39a0fe,f,t,t,t,f,f,t,f,57.0,5.0,2.0
10ce944c26a3e6234f662c6d41887254,f,f,t,f,f,t,t,f,30.0,0.0,15.0
10c05a9210bd9a2f15b9bd2dab9d40ad,f,,f,,f,,,,,,
10a316794f613fcc0b22986528a6c215,f,f,t,t,t,t,t,f,66.0,0.0,6.0
1082fd3fdfc2b2c3a8b8804792247ed5,f,f,t,t,t,t,f,f,66.0,0.0,4.0
10819dc9fc28cf5fcb8be815e5bd2152,f,f,t,t,f,t,f,f,0.0,0.0,3.0
10818abfaf7d2755fcc636d9da660a08,f,,f,,f,,,,,,
10562e0251d91b7497847763e7dd016f,f,,f,,f,,,,,,
104c6ca016a9721d11039035e5d8aa61,f,f,t,t,t,t,t,f,66.0,0.0,8.0
1011132790b8247e95c17e95d5e8b33b,f,f,t,f,f,f,t,f,0.0,0.0,1.0
100cd9be2cb00923b910bf61f5d0da49,f,f,f,t,t,f,f,f,66.0,0.0,2.0
0ff5dec32bf793243a8b0b2c023a81f0,f,f,t,t,t,t,t,f,100.0,0.0,3.0
0f5acddf1dbd5ec446c38eecb33492ac,f,f,t,t,f,t,t,f,0.0,0.0,4.0
0f0f202d3bc7f26af5bedb502ae0b32c,f,f,t,t,f,f,t,f,,0.0,2.0
0ee89c8dcb7816c33d8f320c1c603bc3,f,f,f,f,f,f,f,f,0.0,0.0,1.0
0ee1eb841864217ca25d1d0ca93d9085,f,f,t,f,f,t,t,f,33.0,0.0,3.0
0ed22cd648d3b9f5ef05c9a5c85cbb3c,f,t,t,t,f,t,f,f,50.0,3.0,4.0
0ed037334cc294f86edb647049fef91c,f,f,t,t,f,f,t,f,,0.0,2.0
0e82fca02c3e2041f8d37356e675cae5,f,t,t,t,f,t,f,f,60.0,4.0,5.0
0dba74726066877315666c007d940d59,f,f,t,f,f,f,t,f,0.0,0.0,1.0
0d9abc38e65949df11659edc6a5e4b4a,f,t,t,t,f,f,t,f,33.0,2.0,1.0
0d80feb0bd3e98d8cbfc9c00eae4f426,f,f,t,t,t,t,f,t,65.0,0.0,8.0
0d124bd37786d07065fd48904c93c4c8,t,t,t,t,t,t,t,f,80.0,3.0,21.0
0ce56724b4659c5ae48e0ddd804c0366,f,t,t,t,f,t,t,f,45.0,6.0,3.0
0c3f97f3acd20d16b2f69c7b7d04e764,f,f,t,t,t,t,t,f,75.0,0.0,5.0
0c243cf82ad4fcc73c43579541e5a3ac,f,t,t,t,f,t,f,f,41.0,1.0,48.0
0bc532e9dd5a1654a0b555a5147cec15,f,t,t,t,f,t,t,f,55.0,4.0,6.0
0b34bfac8429a1902b72c9271cbadd5a,f,f,t,t,f,f,t,f,0.0,0.0,2.0
0b2f7e274eb6ba050323e8bbc979245a,t,t,t,t,t,f,t,f,100.0,1.0,1.0
0b03d78c66d2e1b2d77da0d7f1b21789,f,f,f,f,t,f,f,f,100.0,0.0,1.0
0ae6f68db7f72263b58bba6ab03e110f,f,,f,,f,,,,,,
0ae49e99bc803ef7673240a0e7c1883f,f,f,t,t,t,t,t,f,100.0,0.0,5.0
0ab3c0dada921b07209e648d9675472b,f,f,t,f,f,f,t,f,0.0,0.0,1.0
0a95fe5ccee68e06613dbf53944efb90,f,f,t,t,t,t,t,f,100.0,0.0,3.0
0a851a4887826dede3a300779d684af8,f,f,t,t,f,t,t,f,50.0,0.0,3.0
0a3f5a6a313ccf77e2a74a0cdf67f297,f,f,t,t,f,f,f,f,0.0,0.0,2.0
0a2e6a4db30fbdb855854925124ed3bd,f,f,t,t,f,t,t,f,33.0,0.0,3.0
0a04b51e9b7c4b7e060d0b484e045410,f,,f,,f,,,,,,
09aa5f83b6c47b84d54c06ac66da82e3,f,f,t,f,t,f,t,f,100.0,0.0,1.0
095e800b7ed9d68ef09c0071ec2bf7ac,f,f,t,t,t,t,t,f,100.0,0.0,7.0
09578a16d1ac62303c3efeadb5c1d18c,f,f,f,f,f,f,f,f,0.0,0.0,1.0
091df69658609344822f361886c2d0f5,f,f,t,t,t,t,t,f,100.0,0.0,4.0
08fa996faccba759902f4da2ed7b8047,f,f,t,t,f,f,t,f,50.0,0.0,2.0
08a0dcc250b11d8171890e6ac57720eb,f,,f,,f,,,,,,
0873fbe17c5567080e9383a41620253c,f,,f,,f,,,,,,
0856463a8792a9540b3bf8a60a0720bc,f,f,t,t,f,f,f,f,0.0,0.0,2.0
085316dd3e844cbacc8606a68a5d2584,f,f,t,t,f,f,t,f,0.0,0.0,2.0
083480e11031232900d956e22697b785,f,f,t,t,t,t,t,f,66.0,0.0,3.0
07ff15922f4ac58817b568a5db367238,f,f,t,t,t,f,t,f,100.0,0.0,1.0
07a13463d8052a1b7217338bd9a3ce50,f,t,t,t,f,f,t,f,33.0,2.0,1.0
074e4d23b53961c22a7de65ebda93783,f,f,t,t,f,t,t,f,33.0,0.0,3.0
0726912dfcf2272b4e37917610c348ce,f,t,t,t,f,t,f,f,31.0,1.0,25.0
06ced5c4d9c257678cb850c38617a5c7,f,f,t,t,t,t,t,f,65.0,0.0,43.0
06b8e0877ec0a780809331b6b89d28c2,f,f,t,t,f,f,t,f,,0.0,1.0
06ad3552edec4de29657a1db84d80f5f,f,f,t,f,f,t,t,f,25.0,0.0,3.0
0654c318fc686996dc2f02dfffa008fc,f,f,t,f,f,t,t,f,,0.0,4.0
061b0ad26d2d3b15b41b401516c02a42,f,f,t,t,f,f,t,f,50.0,0.0,2.0
05e4eb1c122c3d8fef9281b64ca05c69,f,f,t,t,t,f,t,t,100.0,0.0,1.0
05d1e9c8a5188dda27925f2ce5b8bc19,f,,f,,f,,,,,,
05bb67f58c5b0ca019bd3ea27c8ac5c4,f,f,f,f,t,f,f,f,100.0,0.0,1.0
05aebfdcea9aee40bc1676d9f89ac504,f,f,f,f,f,f,f,f,50.0,0.0,2.0
05ac123d4a34f63364333a38e1411154,f,f,t,t,f,f,t,f,,0.0,1.0
057fd0471c9f07c2b8a8ae4483c14fcf,f,f,t,t,f,t,f,f,40.0,0.0,4.0
0545f9be0a31286fbed96117beaa2ce1,f,f,t,f,f,f,t,f,0.0,0.0,1.0
04f16fac56bc5f7a64e6929a78e69d53,f,f,t,f,f,f,t,f,0.0,0.0,2.0
04c2f4dcbed5d29870c6eb8aa9e4c87b,f,f,t,t,f,t,t,t,33.0,0.0,3.0
044fe64e96def59d355efebf2dcdbcec,f,f,t,t,f,t,t,f,,0.0,8.0
035794b72e56a5331f363b21491aba8c,f,t,f,t,f,t,t,f,42.0,3.0,4.0
0354d4c7f465f4176648025e17f35e65,f,f,t,t,f,f,t,f,50.0,0.0,2.0
02fe1da933a5b520f9b3a62dee6d9a62,t,t,t,t,t,t,t,f,75.0,1.0,3.0
02f34aa08b1834496d4f480ee0b3d1a7,f,t,t,t,f,f,f,f,50.0,2.0,0.0
02d752a0049d036b6fa4033a45dedc16,t,t,t,t,t,t,f,f,85.0,1.0,8.0
02c4949c68e12905dd101ead162b4f4e,f,t,t,t,f,t,t,f,54.0,8.0,8.0
02bc26c3514f03a7418ccc8d47a76823,f,f,f,f,t,f,f,f,100.0,0.0,2.0
0282a6a28e48c6289a73e8463792f8f1,f,f,t,t,f,t,t,f,50.0,0.0,3.0
026b2cca6ded4536bce6bae044c4c466,f,f,t,f,f,f,t,f,0.0,0.0,1.0
0258de3a88f2b5aa191c0def2a2f5b51,f,f,t,f,f,f,t,f,0.0,0.0,1.0
022ee157e0163f027540212993da295b,f,f,t,t,t,t,t,f,100.0,0.0,4.0
01e7e18eee66505e44e8b903c4e28e6e,f,f,t,t,f,t,t,f,44.0,0.0,4.0
0184d0a150f7464123fdbef8431b4254,f,,f,,f,,,,,,
0111f42779dce3bd364bd7767b94361f,f,t,t,t,f,t,f,f,47.0,9.0,4.0
00da10ff87220de90f4c9208ff5c1aaf,f,f,t,t,f,f,t,f,,0.0,2.0
00bbea3f5baf0729341371619fe8f5c6,f,f,t,t,f,f,t,f,50.0,0.0,2.0
00001ccc0e81598c4bd86bacb94d7acb,f,f,t,t,f,t,t,f,33.0,0.0,3.0
